,source
0,Deep_learning_in_food/Hyperspectral_Image_data/GrainClassData_Aug2020/Test/Rye_Midsummer/Dense_series1_20_08_20_10_33_01.cdf
1,Deep_learning_in_food/Hyperspectral_Image_data/GrainClassData_Aug2020/Test/Rye_Midsummer/Dense_series1_20_08_20_10_33_01.jpg
2,Deep_learning_in_food/Hyperspectral_Image_data/GrainClassData_Aug2020/Test/Rye_Midsummer/Dense_series1_20_08_20_10_33_57.cdf
3,Deep_learning_in_food/Hyperspectral_Image_data/GrainClassData_Aug2020/Test/Rye_Midsummer/Dense_series1_20_08_20_10_33_57.jpg
4,Deep_learning_in_food/Hyperspectral_Image_data/GrainClassData_Aug2020/Test/Rye_Midsummer/Dense_series1_20_08_20_10_36_14.cdf
5,Deep_learning_in_food/Hyperspectral_Image_data/GrainClassData_Aug2020/Test/Rye_Midsummer/Dense_series1_20_08_20_10_36_14.jpg
6,Deep_learning_in_food/Hyperspectral_Image_data/GrainClassData_Aug2020/Test/Rye_Midsummer/Dense_series1_20_08_20_10_39_25.cdf
7,Deep_learning_in_food/Hyperspectral_Image_data/GrainClassData_Aug2020/Test/Rye_Midsummer/Dense_series1_20_08_20_10_39_25.jpg
8,Deep_learning_in_food/Hyperspectral_Image_data/GrainClassData_Aug2020/Test/Rye_Midsummer/Dense_series1_20_08_20_10_40_34.cdf
9,Deep_learning_in_food/Hyperspectral_Image_data/GrainClassData_Aug2020/Test/Rye_Midsummer/Dense_series1_20_08_20_10_40_34.jpg
10,Deep_learning_in_food/Hyperspectral_Image_data/GrainClassData_Aug2020/Test/Rye_Midsummer/Sparse_series1_20_08_20_10_42_41.cdf
11,Deep_learning_in_food/Hyperspectral_Image_data/GrainClassData_Aug2020/Test/Rye_Midsummer/Sparse_series1_20_08_20_10_42_41.jpg
12,Deep_learning_in_food/Hyperspectral_Image_data/GrainClassData_Aug2020/Test/Rye_Midsummer/Sparse_series1_20_08_20_10_43_21.cdf
13,Deep_learning_in_food/Hyperspectral_Image_data/GrainClassData_Aug2020/Test/Rye_Midsummer/Sparse_series1_20_08_20_10_43_21.jpg
14,Deep_learning_in_food/Hyperspectral_Image_data/GrainClassData_Aug2020/Test/Rye_Midsummer/Sparse_series1_20_08_20_10_43_51.cdf
15,Deep_learning_in_food/Hyperspectral_Image_data/GrainClassData_Aug2020/Test/Rye_Midsummer/Sparse_series1_20_08_20_10_43_51.jpg
16,Deep_learning_in_food/Hyperspectral_Image_data/GrainClassData_Aug2020/Test/Rye_Midsummer/WHITEDense_series1_20_08_20_10_33_01.jpg
17,Deep_learning_in_food/Hyperspectral_Image_data/GrainClassData_Aug2020/Test/Rye_Midsummer/WHITEDense_series1_20_08_20_10_33_01.npy
18,Deep_learning_in_food/Hyperspectral_Image_data/GrainClassData_Aug2020/Test/Rye_Midsummer/WHITEDense_series1_20_08_20_10_33_57.jpg
19,Deep_learning_in_food/Hyperspectral_Image_data/GrainClassData_Aug2020/Test/Rye_Midsummer/WHITEDense_series1_20_08_20_10_33_57.npy
20,Deep_learning_in_food/Hyperspectral_Image_data/GrainClassData_Aug2020/Test/Rye_Midsummer/WHITEDense_series1_20_08_20_10_36_14.jpg
21,Deep_learning_in_food/Hyperspectral_Image_data/GrainClassData_Aug2020/Test/Rye_Midsummer/WHITEDense_series1_20_08_20_10_36_14.npy
22,Deep_learning_in_food/Hyperspectral_Image_data/GrainClassData_Aug2020/Test/Rye_Midsummer/WHITEDense_series1_20_08_20_10_39_25.jpg
23,Deep_learning_in_food/Hyperspectral_Image_data/GrainClassData_Aug2020/Test/Rye_Midsummer/WHITEDense_series1_20_08_20_10_39_25.npy
24,Deep_learning_in_food/Hyperspectral_Image_data/GrainClassData_Aug2020/Test/Rye_Midsummer/WHITEDense_series1_20_08_20_10_40_34.jpg
25,Deep_learning_in_food/Hyperspectral_Image_data/GrainClassData_Aug2020/Test/Rye_Midsummer/WHITEDense_series1_20_08_20_10_40_34.npy
26,Deep_learning_in_food/Hyperspectral_Image_data/GrainClassData_Aug2020/Test/Rye_Midsummer/WHITESparse_series1_20_08_20_10_42_41.jpg
27,Deep_learning_in_food/Hyperspectral_Image_data/GrainClassData_Aug2020/Test/Rye_Midsummer/WHITESparse_series1_20_08_20_10_42_41.npy
28,Deep_learning_in_food/Hyperspectral_Image_data/GrainClassData_Aug2020/Test/Rye_Midsummer/WHITESparse_series1_20_08_20_10_43_21.jpg
29,Deep_learning_in_food/Hyperspectral_Image_data/GrainClassData_Aug2020/Test/Rye_Midsummer/WHITESparse_series1_20_08_20_10_43_21.npy
30,Deep_learning_in_food/Hyperspectral_Image_data/GrainClassData_Aug2020/Test/Rye_Midsummer/WHITESparse_series1_20_08_20_10_43_51.jpg
31,Deep_learning_in_food/Hyperspectral_Image_data/GrainClassData_Aug2020/Test/Rye_Midsummer/WHITESparse_series1_20_08_20_10_43_51.npy
32,Deep_learning_in_food/Hyperspectral_Image_data/GrainClassData_Aug2020/Test/Wheat_H1/Dense_series1_20_08_19_13_53_44.cdf
33,Deep_learning_in_food/Hyperspectral_Image_data/GrainClassData_Aug2020/Test/Wheat_H1/Dense_series1_20_08_19_13_53_44.jpg
34,Deep_learning_in_food/Hyperspectral_Image_data/GrainClassData_Aug2020/Test/Wheat_H1/Dense_series1_20_08_19_13_54_39.cdf
35,Deep_learning_in_food/Hyperspectral_Image_data/GrainClassData_Aug2020/Test/Wheat_H1/Dense_series1_20_08_19_13_54_39.jpg
36,Deep_learning_in_food/Hyperspectral_Image_data/GrainClassData_Aug2020/Test/Wheat_H1/Dense_series2_20_08_19_13_55_36.cdf
37,Deep_learning_in_food/Hyperspectral_Image_data/GrainClassData_Aug2020/Test/Wheat_H1/Dense_series2_20_08_19_13_55_36.jpg
38,Deep_learning_in_food/Hyperspectral_Image_data/GrainClassData_Aug2020/Test/Wheat_H1/Dense_series2_20_08_19_13_57_41.cdf
39,Deep_learning_in_food/Hyperspectral_Image_data/GrainClassData_Aug2020/Test/Wheat_H1/Dense_series2_20_08_19_13_57_41.jpg
40,Deep_learning_in_food/Hyperspectral_Image_data/GrainClassData_Aug2020/Test/Wheat_H1/Dense_series3_20_08_19_13_58_47.cdf
41,Deep_learning_in_food/Hyperspectral_Image_data/GrainClassData_Aug2020/Test/Wheat_H1/Dense_series3_20_08_19_13_58_47.jpg
42,Deep_learning_in_food/Hyperspectral_Image_data/GrainClassData_Aug2020/Test/Wheat_H1/Sparse_series1_20_08_19_14_00_08.cdf
43,Deep_learning_in_food/Hyperspectral_Image_data/GrainClassData_Aug2020/Test/Wheat_H1/Sparse_series1_20_08_19_14_00_08.jpg
44,Deep_learning_in_food/Hyperspectral_Image_data/GrainClassData_Aug2020/Test/Wheat_H1/Sparse_series1_20_08_19_14_01_20.cdf
45,Deep_learning_in_food/Hyperspectral_Image_data/GrainClassData_Aug2020/Test/Wheat_H1/Sparse_series1_20_08_19_14_01_20.jpg
46,Deep_learning_in_food/Hyperspectral_Image_data/GrainClassData_Aug2020/Test/Wheat_H1/Sparse_series1_20_08_19_14_02_02.cdf
47,Deep_learning_in_food/Hyperspectral_Image_data/GrainClassData_Aug2020/Test/Wheat_H1/Sparse_series1_20_08_19_14_02_02.jpg
48,Deep_learning_in_food/Hyperspectral_Image_data/GrainClassData_Aug2020/Test/Wheat_H1/WHITEDense_series1_20_08_19_13_53_44.jpg
49,Deep_learning_in_food/Hyperspectral_Image_data/GrainClassData_Aug2020/Test/Wheat_H1/WHITEDense_series1_20_08_19_13_53_44.npy
50,Deep_learning_in_food/Hyperspectral_Image_data/GrainClassData_Aug2020/Test/Wheat_H1/WHITEDense_series1_20_08_19_13_54_39.jpg
51,Deep_learning_in_food/Hyperspectral_Image_data/GrainClassData_Aug2020/Test/Wheat_H1/WHITEDense_series1_20_08_19_13_54_39.npy
52,Deep_learning_in_food/Hyperspectral_Image_data/GrainClassData_Aug2020/Test/Wheat_H1/WHITEDense_series2_20_08_19_13_55_36.jpg
53,Deep_learning_in_food/Hyperspectral_Image_data/GrainClassData_Aug2020/Test/Wheat_H1/WHITEDense_series2_20_08_19_13_55_36.npy
54,Deep_learning_in_food/Hyperspectral_Image_data/GrainClassData_Aug2020/Test/Wheat_H1/WHITEDense_series2_20_08_19_13_57_41.jpg
55,Deep_learning_in_food/Hyperspectral_Image_data/GrainClassData_Aug2020/Test/Wheat_H1/WHITEDense_series2_20_08_19_13_57_41.npy
56,Deep_learning_in_food/Hyperspectral_Image_data/GrainClassData_Aug2020/Test/Wheat_H1/WHITEDense_series3_20_08_19_13_58_47.jpg
57,Deep_learning_in_food/Hyperspectral_Image_data/GrainClassData_Aug2020/Test/Wheat_H1/WHITEDense_series3_20_08_19_13_58_47.npy
58,Deep_learning_in_food/Hyperspectral_Image_data/GrainClassData_Aug2020/Test/Wheat_H1/WHITESparse_series1_20_08_19_14_00_08.jpg
59,Deep_learning_in_food/Hyperspectral_Image_data/GrainClassData_Aug2020/Test/Wheat_H1/WHITESparse_series1_20_08_19_14_00_08.npy
60,Deep_learning_in_food/Hyperspectral_Image_data/GrainClassData_Aug2020/Test/Wheat_H1/WHITESparse_series1_20_08_19_14_01_20.jpg
61,Deep_learning_in_food/Hyperspectral_Image_data/GrainClassData_Aug2020/Test/Wheat_H1/WHITESparse_series1_20_08_19_14_01_20.npy
62,Deep_learning_in_food/Hyperspectral_Image_data/GrainClassData_Aug2020/Test/Wheat_H1/WHITESparse_series1_20_08_19_14_02_02.jpg
63,Deep_learning_in_food/Hyperspectral_Image_data/GrainClassData_Aug2020/Test/Wheat_H1/WHITESparse_series1_20_08_19_14_02_02.npy
64,Deep_learning_in_food/Hyperspectral_Image_data/GrainClassData_Aug2020/Test/Wheat_H3/Dense_series1_20_08_19_14_04_18.cdf
65,Deep_learning_in_food/Hyperspectral_Image_data/GrainClassData_Aug2020/Test/Wheat_H3/Dense_series1_20_08_19_14_04_18.jpg
66,Deep_learning_in_food/Hyperspectral_Image_data/GrainClassData_Aug2020/Test/Wheat_H3/Dense_series1_20_08_19_14_05_31.cdf
67,Deep_learning_in_food/Hyperspectral_Image_data/GrainClassData_Aug2020/Test/Wheat_H3/Dense_series1_20_08_19_14_05_31.jpg
68,Deep_learning_in_food/Hyperspectral_Image_data/GrainClassData_Aug2020/Test/Wheat_H3/Dense_series2_20_08_19_14_06_58.cdf
69,Deep_learning_in_food/Hyperspectral_Image_data/GrainClassData_Aug2020/Test/Wheat_H3/Dense_series2_20_08_19_14_06_58.jpg
70,Deep_learning_in_food/Hyperspectral_Image_data/GrainClassData_Aug2020/Test/Wheat_H3/Dense_series2_20_08_19_14_09_05.cdf
71,Deep_learning_in_food/Hyperspectral_Image_data/GrainClassData_Aug2020/Test/Wheat_H3/Dense_series2_20_08_19_14_09_05.jpg
72,Deep_learning_in_food/Hyperspectral_Image_data/GrainClassData_Aug2020/Test/Wheat_H3/Dense_series2_20_08_19_14_09_47.cdf
73,Deep_learning_in_food/Hyperspectral_Image_data/GrainClassData_Aug2020/Test/Wheat_H3/Dense_series2_20_08_19_14_09_47.jpg
74,Deep_learning_in_food/Hyperspectral_Image_data/GrainClassData_Aug2020/Test/Wheat_H3/Sparse_series1_20_08_19_14_11_02.cdf
75,Deep_learning_in_food/Hyperspectral_Image_data/GrainClassData_Aug2020/Test/Wheat_H3/Sparse_series1_20_08_19_14_11_02.jpg
76,Deep_learning_in_food/Hyperspectral_Image_data/GrainClassData_Aug2020/Test/Wheat_H3/Sparse_series1_20_08_19_14_11_40.cdf
77,Deep_learning_in_food/Hyperspectral_Image_data/GrainClassData_Aug2020/Test/Wheat_H3/Sparse_series1_20_08_19_14_11_40.jpg
78,Deep_learning_in_food/Hyperspectral_Image_data/GrainClassData_Aug2020/Test/Wheat_H3/Sparse_series1_20_08_19_14_12_26.cdf
79,Deep_learning_in_food/Hyperspectral_Image_data/GrainClassData_Aug2020/Test/Wheat_H3/Sparse_series1_20_08_19_14_12_26.jpg
80,Deep_learning_in_food/Hyperspectral_Image_data/GrainClassData_Aug2020/Test/Wheat_H3/WHITEDense_series1_20_08_19_14_04_18.jpg
81,Deep_learning_in_food/Hyperspectral_Image_data/GrainClassData_Aug2020/Test/Wheat_H3/WHITEDense_series1_20_08_19_14_04_18.npy
82,Deep_learning_in_food/Hyperspectral_Image_data/GrainClassData_Aug2020/Test/Wheat_H3/WHITEDense_series1_20_08_19_14_05_31.jpg
83,Deep_learning_in_food/Hyperspectral_Image_data/GrainClassData_Aug2020/Test/Wheat_H3/WHITEDense_series1_20_08_19_14_05_31.npy
84,Deep_learning_in_food/Hyperspectral_Image_data/GrainClassData_Aug2020/Test/Wheat_H3/WHITEDense_series2_20_08_19_14_06_58.jpg
85,Deep_learning_in_food/Hyperspectral_Image_data/GrainClassData_Aug2020/Test/Wheat_H3/WHITEDense_series2_20_08_19_14_06_58.npy
86,Deep_learning_in_food/Hyperspectral_Image_data/GrainClassData_Aug2020/Test/Wheat_H3/WHITEDense_series2_20_08_19_14_09_05.jpg
87,Deep_learning_in_food/Hyperspectral_Image_data/GrainClassData_Aug2020/Test/Wheat_H3/WHITEDense_series2_20_08_19_14_09_05.npy
88,Deep_learning_in_food/Hyperspectral_Image_data/GrainClassData_Aug2020/Test/Wheat_H3/WHITEDense_series2_20_08_19_14_09_47.jpg
89,Deep_learning_in_food/Hyperspectral_Image_data/GrainClassData_Aug2020/Test/Wheat_H3/WHITEDense_series2_20_08_19_14_09_47.npy
90,Deep_learning_in_food/Hyperspectral_Image_data/GrainClassData_Aug2020/Test/Wheat_H3/WHITESparse_series1_20_08_19_14_11_02.jpg
91,Deep_learning_in_food/Hyperspectral_Image_data/GrainClassData_Aug2020/Test/Wheat_H3/WHITESparse_series1_20_08_19_14_11_02.npy
92,Deep_learning_in_food/Hyperspectral_Image_data/GrainClassData_Aug2020/Test/Wheat_H3/WHITESparse_series1_20_08_19_14_11_40.jpg
93,Deep_learning_in_food/Hyperspectral_Image_data/GrainClassData_Aug2020/Test/Wheat_H3/WHITESparse_series1_20_08_19_14_11_40.npy
94,Deep_learning_in_food/Hyperspectral_Image_data/GrainClassData_Aug2020/Test/Wheat_H3/WHITESparse_series1_20_08_19_14_12_26.jpg
95,Deep_learning_in_food/Hyperspectral_Image_data/GrainClassData_Aug2020/Test/Wheat_H3/WHITESparse_series1_20_08_19_14_12_26.npy
96,Deep_learning_in_food/Hyperspectral_Image_data/GrainClassData_Aug2020/Test/Wheat_H4/Dense_series1_20_08_20_10_45_48.cdf
97,Deep_learning_in_food/Hyperspectral_Image_data/GrainClassData_Aug2020/Test/Wheat_H4/Dense_series1_20_08_20_10_45_48.jpg
98,Deep_learning_in_food/Hyperspectral_Image_data/GrainClassData_Aug2020/Test/Wheat_H4/Dense_series1_20_08_20_10_46_29.cdf
99,Deep_learning_in_food/Hyperspectral_Image_data/GrainClassData_Aug2020/Test/Wheat_H4/Dense_series1_20_08_20_10_46_29.jpg
100,Deep_learning_in_food/Hyperspectral_Image_data/GrainClassData_Aug2020/Test/Wheat_H4/Dense_series1_20_08_20_10_47_26.cdf
101,Deep_learning_in_food/Hyperspectral_Image_data/GrainClassData_Aug2020/Test/Wheat_H4/Dense_series1_20_08_20_10_47_26.jpg
102,Deep_learning_in_food/Hyperspectral_Image_data/GrainClassData_Aug2020/Test/Wheat_H4/Dense_series2_20_08_20_10_48_29.cdf
103,Deep_learning_in_food/Hyperspectral_Image_data/GrainClassData_Aug2020/Test/Wheat_H4/Dense_series2_20_08_20_10_48_29.jpg
104,Deep_learning_in_food/Hyperspectral_Image_data/GrainClassData_Aug2020/Test/Wheat_H4/Dense_series2_20_08_20_10_49_21.cdf
105,Deep_learning_in_food/Hyperspectral_Image_data/GrainClassData_Aug2020/Test/Wheat_H4/Dense_series2_20_08_20_10_49_21.jpg
106,Deep_learning_in_food/Hyperspectral_Image_data/GrainClassData_Aug2020/Test/Wheat_H4/Sparse_series1_20_08_20_10_51_00.cdf
107,Deep_learning_in_food/Hyperspectral_Image_data/GrainClassData_Aug2020/Test/Wheat_H4/Sparse_series1_20_08_20_10_51_00.jpg
108,Deep_learning_in_food/Hyperspectral_Image_data/GrainClassData_Aug2020/Test/Wheat_H4/Sparse_series1_20_08_20_10_51_43.cdf
109,Deep_learning_in_food/Hyperspectral_Image_data/GrainClassData_Aug2020/Test/Wheat_H4/Sparse_series1_20_08_20_10_51_43.jpg
110,Deep_learning_in_food/Hyperspectral_Image_data/GrainClassData_Aug2020/Test/Wheat_H4/Sparse_series1_20_08_20_10_52_21.cdf
111,Deep_learning_in_food/Hyperspectral_Image_data/GrainClassData_Aug2020/Test/Wheat_H4/Sparse_series1_20_08_20_10_52_21.jpg
112,Deep_learning_in_food/Hyperspectral_Image_data/GrainClassData_Aug2020/Test/Wheat_H4/WHITEDense_series1_20_08_20_10_45_48.jpg
113,Deep_learning_in_food/Hyperspectral_Image_data/GrainClassData_Aug2020/Test/Wheat_H4/WHITEDense_series1_20_08_20_10_45_48.npy
114,Deep_learning_in_food/Hyperspectral_Image_data/GrainClassData_Aug2020/Test/Wheat_H4/WHITEDense_series1_20_08_20_10_46_29.jpg
115,Deep_learning_in_food/Hyperspectral_Image_data/GrainClassData_Aug2020/Test/Wheat_H4/WHITEDense_series1_20_08_20_10_46_29.npy
116,Deep_learning_in_food/Hyperspectral_Image_data/GrainClassData_Aug2020/Test/Wheat_H4/WHITEDense_series1_20_08_20_10_47_26.jpg
117,Deep_learning_in_food/Hyperspectral_Image_data/GrainClassData_Aug2020/Test/Wheat_H4/WHITEDense_series1_20_08_20_10_47_26.npy
118,Deep_learning_in_food/Hyperspectral_Image_data/GrainClassData_Aug2020/Test/Wheat_H4/WHITEDense_series2_20_08_20_10_48_29.jpg
119,Deep_learning_in_food/Hyperspectral_Image_data/GrainClassData_Aug2020/Test/Wheat_H4/WHITEDense_series2_20_08_20_10_48_29.npy
120,Deep_learning_in_food/Hyperspectral_Image_data/GrainClassData_Aug2020/Test/Wheat_H4/WHITEDense_series2_20_08_20_10_49_21.jpg
121,Deep_learning_in_food/Hyperspectral_Image_data/GrainClassData_Aug2020/Test/Wheat_H4/WHITEDense_series2_20_08_20_10_49_21.npy
122,Deep_learning_in_food/Hyperspectral_Image_data/GrainClassData_Aug2020/Test/Wheat_H4/WHITESparse_series1_20_08_20_10_51_00.jpg
123,Deep_learning_in_food/Hyperspectral_Image_data/GrainClassData_Aug2020/Test/Wheat_H4/WHITESparse_series1_20_08_20_10_51_00.npy
124,Deep_learning_in_food/Hyperspectral_Image_data/GrainClassData_Aug2020/Test/Wheat_H4/WHITESparse_series1_20_08_20_10_51_43.jpg
125,Deep_learning_in_food/Hyperspectral_Image_data/GrainClassData_Aug2020/Test/Wheat_H4/WHITESparse_series1_20_08_20_10_51_43.npy
126,Deep_learning_in_food/Hyperspectral_Image_data/GrainClassData_Aug2020/Test/Wheat_H4/WHITESparse_series1_20_08_20_10_52_21.jpg
127,Deep_learning_in_food/Hyperspectral_Image_data/GrainClassData_Aug2020/Test/Wheat_H4/WHITESparse_series1_20_08_20_10_52_21.npy
128,Deep_learning_in_food/Hyperspectral_Image_data/GrainClassData_Aug2020/Test/Wheat_H5/Dense_series1_20_08_20_11_05_06.cdf
129,Deep_learning_in_food/Hyperspectral_Image_data/GrainClassData_Aug2020/Test/Wheat_H5/Dense_series1_20_08_20_11_05_06.jpg
130,Deep_learning_in_food/Hyperspectral_Image_data/GrainClassData_Aug2020/Test/Wheat_H5/Dense_series1_20_08_20_11_06_50.cdf
131,Deep_learning_in_food/Hyperspectral_Image_data/GrainClassData_Aug2020/Test/Wheat_H5/Dense_series1_20_08_20_11_06_50.jpg
132,Deep_learning_in_food/Hyperspectral_Image_data/GrainClassData_Aug2020/Test/Wheat_H5/Dense_series1_20_08_20_11_07_32.cdf
133,Deep_learning_in_food/Hyperspectral_Image_data/GrainClassData_Aug2020/Test/Wheat_H5/Dense_series1_20_08_20_11_07_32.jpg
134,Deep_learning_in_food/Hyperspectral_Image_data/GrainClassData_Aug2020/Test/Wheat_H5/Dense_series2_20_08_20_11_08_46.cdf
135,Deep_learning_in_food/Hyperspectral_Image_data/GrainClassData_Aug2020/Test/Wheat_H5/Dense_series2_20_08_20_11_08_46.jpg
136,Deep_learning_in_food/Hyperspectral_Image_data/GrainClassData_Aug2020/Test/Wheat_H5/Dense_series2_20_08_20_11_11_15.cdf
137,Deep_learning_in_food/Hyperspectral_Image_data/GrainClassData_Aug2020/Test/Wheat_H5/Dense_series2_20_08_20_11_11_15.jpg
138,Deep_learning_in_food/Hyperspectral_Image_data/GrainClassData_Aug2020/Test/Wheat_H5/Sparse_series1_20_08_20_11_12_15.cdf
139,Deep_learning_in_food/Hyperspectral_Image_data/GrainClassData_Aug2020/Test/Wheat_H5/Sparse_series1_20_08_20_11_12_15.jpg
140,Deep_learning_in_food/Hyperspectral_Image_data/GrainClassData_Aug2020/Test/Wheat_H5/Sparse_series1_20_08_20_11_12_48.cdf
141,Deep_learning_in_food/Hyperspectral_Image_data/GrainClassData_Aug2020/Test/Wheat_H5/Sparse_series1_20_08_20_11_12_48.jpg
142,Deep_learning_in_food/Hyperspectral_Image_data/GrainClassData_Aug2020/Test/Wheat_H5/Sparse_series1_20_08_20_11_13_32.cdf
143,Deep_learning_in_food/Hyperspectral_Image_data/GrainClassData_Aug2020/Test/Wheat_H5/Sparse_series1_20_08_20_11_13_32.jpg
144,Deep_learning_in_food/Hyperspectral_Image_data/GrainClassData_Aug2020/Test/Wheat_H5/WHITEDense_series1_20_08_20_11_05_06.jpg
145,Deep_learning_in_food/Hyperspectral_Image_data/GrainClassData_Aug2020/Test/Wheat_H5/WHITEDense_series1_20_08_20_11_05_06.npy
146,Deep_learning_in_food/Hyperspectral_Image_data/GrainClassData_Aug2020/Test/Wheat_H5/WHITEDense_series1_20_08_20_11_06_50.jpg
147,Deep_learning_in_food/Hyperspectral_Image_data/GrainClassData_Aug2020/Test/Wheat_H5/WHITEDense_series1_20_08_20_11_06_50.npy
148,Deep_learning_in_food/Hyperspectral_Image_data/GrainClassData_Aug2020/Test/Wheat_H5/WHITEDense_series1_20_08_20_11_07_32.jpg
149,Deep_learning_in_food/Hyperspectral_Image_data/GrainClassData_Aug2020/Test/Wheat_H5/WHITEDense_series1_20_08_20_11_07_32.npy
150,Deep_learning_in_food/Hyperspectral_Image_data/GrainClassData_Aug2020/Test/Wheat_H5/WHITEDense_series2_20_08_20_11_08_46.jpg
151,Deep_learning_in_food/Hyperspectral_Image_data/GrainClassData_Aug2020/Test/Wheat_H5/WHITEDense_series2_20_08_20_11_08_46.npy
152,Deep_learning_in_food/Hyperspectral_Image_data/GrainClassData_Aug2020/Test/Wheat_H5/WHITEDense_series2_20_08_20_11_11_15.jpg
153,Deep_learning_in_food/Hyperspectral_Image_data/GrainClassData_Aug2020/Test/Wheat_H5/WHITEDense_series2_20_08_20_11_11_15.npy
154,Deep_learning_in_food/Hyperspectral_Image_data/GrainClassData_Aug2020/Test/Wheat_H5/WHITESparse_series1_20_08_20_11_12_15.jpg
155,Deep_learning_in_food/Hyperspectral_Image_data/GrainClassData_Aug2020/Test/Wheat_H5/WHITESparse_series1_20_08_20_11_12_15.npy
156,Deep_learning_in_food/Hyperspectral_Image_data/GrainClassData_Aug2020/Test/Wheat_H5/WHITESparse_series1_20_08_20_11_12_48.jpg
157,Deep_learning_in_food/Hyperspectral_Image_data/GrainClassData_Aug2020/Test/Wheat_H5/WHITESparse_series1_20_08_20_11_12_48.npy
158,Deep_learning_in_food/Hyperspectral_Image_data/GrainClassData_Aug2020/Test/Wheat_H5/WHITESparse_series1_20_08_20_11_13_32.jpg
159,Deep_learning_in_food/Hyperspectral_Image_data/GrainClassData_Aug2020/Test/Wheat_H5/WHITESparse_series1_20_08_20_11_13_32.npy
160,Deep_learning_in_food/Hyperspectral_Image_data/GrainClassData_Aug2020/Test/Wheat_Halland/Dense_series1_20_08_19_14_16_01.cdf
161,Deep_learning_in_food/Hyperspectral_Image_data/GrainClassData_Aug2020/Test/Wheat_Halland/Dense_series1_20_08_19_14_16_01.jpg
162,Deep_learning_in_food/Hyperspectral_Image_data/GrainClassData_Aug2020/Test/Wheat_Halland/Dense_series1_20_08_19_14_17_21.cdf
163,Deep_learning_in_food/Hyperspectral_Image_data/GrainClassData_Aug2020/Test/Wheat_Halland/Dense_series1_20_08_19_14_17_21.jpg
164,Deep_learning_in_food/Hyperspectral_Image_data/GrainClassData_Aug2020/Test/Wheat_Halland/Dense_series1_20_08_19_14_18_16.cdf
165,Deep_learning_in_food/Hyperspectral_Image_data/GrainClassData_Aug2020/Test/Wheat_Halland/Dense_series1_20_08_19_14_18_16.jpg
166,Deep_learning_in_food/Hyperspectral_Image_data/GrainClassData_Aug2020/Test/Wheat_Halland/Dense_series2_20_08_19_14_19_31.cdf
167,Deep_learning_in_food/Hyperspectral_Image_data/GrainClassData_Aug2020/Test/Wheat_Halland/Dense_series2_20_08_19_14_19_31.jpg
168,Deep_learning_in_food/Hyperspectral_Image_data/GrainClassData_Aug2020/Test/Wheat_Halland/Dense_series2_20_08_19_14_20_10.cdf
169,Deep_learning_in_food/Hyperspectral_Image_data/GrainClassData_Aug2020/Test/Wheat_Halland/Dense_series2_20_08_19_14_20_10.jpg
170,Deep_learning_in_food/Hyperspectral_Image_data/GrainClassData_Aug2020/Test/Wheat_Halland/Sparse_series1_20_08_19_14_21_25.cdf
171,Deep_learning_in_food/Hyperspectral_Image_data/GrainClassData_Aug2020/Test/Wheat_Halland/Sparse_series1_20_08_19_14_21_25.jpg
172,Deep_learning_in_food/Hyperspectral_Image_data/GrainClassData_Aug2020/Test/Wheat_Halland/Sparse_series1_20_08_19_14_22_38.cdf
173,Deep_learning_in_food/Hyperspectral_Image_data/GrainClassData_Aug2020/Test/Wheat_Halland/Sparse_series1_20_08_19_14_22_38.jpg
174,Deep_learning_in_food/Hyperspectral_Image_data/GrainClassData_Aug2020/Test/Wheat_Halland/Sparse_series1_20_08_19_14_23_29.cdf
175,Deep_learning_in_food/Hyperspectral_Image_data/GrainClassData_Aug2020/Test/Wheat_Halland/Sparse_series1_20_08_19_14_23_29.jpg
176,Deep_learning_in_food/Hyperspectral_Image_data/GrainClassData_Aug2020/Test/Wheat_Halland/WHITEDense_series1_20_08_19_14_16_01.jpg
177,Deep_learning_in_food/Hyperspectral_Image_data/GrainClassData_Aug2020/Test/Wheat_Halland/WHITEDense_series1_20_08_19_14_16_01.npy
178,Deep_learning_in_food/Hyperspectral_Image_data/GrainClassData_Aug2020/Test/Wheat_Halland/WHITEDense_series1_20_08_19_14_17_21.jpg
179,Deep_learning_in_food/Hyperspectral_Image_data/GrainClassData_Aug2020/Test/Wheat_Halland/WHITEDense_series1_20_08_19_14_17_21.npy
180,Deep_learning_in_food/Hyperspectral_Image_data/GrainClassData_Aug2020/Test/Wheat_Halland/WHITEDense_series1_20_08_19_14_18_16.jpg
181,Deep_learning_in_food/Hyperspectral_Image_data/GrainClassData_Aug2020/Test/Wheat_Halland/WHITEDense_series1_20_08_19_14_18_16.npy
182,Deep_learning_in_food/Hyperspectral_Image_data/GrainClassData_Aug2020/Test/Wheat_Halland/WHITEDense_series2_20_08_19_14_19_31.jpg
183,Deep_learning_in_food/Hyperspectral_Image_data/GrainClassData_Aug2020/Test/Wheat_Halland/WHITEDense_series2_20_08_19_14_19_31.npy
184,Deep_learning_in_food/Hyperspectral_Image_data/GrainClassData_Aug2020/Test/Wheat_Halland/WHITEDense_series2_20_08_19_14_20_10.jpg
185,Deep_learning_in_food/Hyperspectral_Image_data/GrainClassData_Aug2020/Test/Wheat_Halland/WHITEDense_series2_20_08_19_14_20_10.npy
186,Deep_learning_in_food/Hyperspectral_Image_data/GrainClassData_Aug2020/Test/Wheat_Halland/WHITESparse_series1_20_08_19_14_21_25.jpg
187,Deep_learning_in_food/Hyperspectral_Image_data/GrainClassData_Aug2020/Test/Wheat_Halland/WHITESparse_series1_20_08_19_14_21_25.npy
188,Deep_learning_in_food/Hyperspectral_Image_data/GrainClassData_Aug2020/Test/Wheat_Halland/WHITESparse_series1_20_08_19_14_22_38.jpg
189,Deep_learning_in_food/Hyperspectral_Image_data/GrainClassData_Aug2020/Test/Wheat_Halland/WHITESparse_series1_20_08_19_14_22_38.npy
190,Deep_learning_in_food/Hyperspectral_Image_data/GrainClassData_Aug2020/Test/Wheat_Halland/WHITESparse_series1_20_08_19_14_23_29.jpg
191,Deep_learning_in_food/Hyperspectral_Image_data/GrainClassData_Aug2020/Test/Wheat_Halland/WHITESparse_series1_20_08_19_14_23_29.npy
192,Deep_learning_in_food/Hyperspectral_Image_data/GrainClassData_Aug2020/Test/Wheat_Oland/Dense_series1_20_08_20_10_55_14.cdf
193,Deep_learning_in_food/Hyperspectral_Image_data/GrainClassData_Aug2020/Test/Wheat_Oland/Dense_series1_20_08_20_10_55_14.jpg
194,Deep_learning_in_food/Hyperspectral_Image_data/GrainClassData_Aug2020/Test/Wheat_Oland/Dense_series1_20_08_20_10_56_48.cdf
195,Deep_learning_in_food/Hyperspectral_Image_data/GrainClassData_Aug2020/Test/Wheat_Oland/Dense_series1_20_08_20_10_56_48.jpg
196,Deep_learning_in_food/Hyperspectral_Image_data/GrainClassData_Aug2020/Test/Wheat_Oland/Dense_series1_20_08_20_10_57_41.cdf
197,Deep_learning_in_food/Hyperspectral_Image_data/GrainClassData_Aug2020/Test/Wheat_Oland/Dense_series1_20_08_20_10_57_41.jpg
198,Deep_learning_in_food/Hyperspectral_Image_data/GrainClassData_Aug2020/Test/Wheat_Oland/Dense_series2_20_08_20_10_58_28.cdf
199,Deep_learning_in_food/Hyperspectral_Image_data/GrainClassData_Aug2020/Test/Wheat_Oland/Dense_series2_20_08_20_10_58_28.jpg
200,Deep_learning_in_food/Hyperspectral_Image_data/GrainClassData_Aug2020/Test/Wheat_Oland/Dense_series2_20_08_20_10_59_05.cdf
201,Deep_learning_in_food/Hyperspectral_Image_data/GrainClassData_Aug2020/Test/Wheat_Oland/Dense_series2_20_08_20_10_59_05.jpg
202,Deep_learning_in_food/Hyperspectral_Image_data/GrainClassData_Aug2020/Test/Wheat_Oland/Sparse_series1_20_08_20_11_00_44.cdf
203,Deep_learning_in_food/Hyperspectral_Image_data/GrainClassData_Aug2020/Test/Wheat_Oland/Sparse_series1_20_08_20_11_00_44.jpg
204,Deep_learning_in_food/Hyperspectral_Image_data/GrainClassData_Aug2020/Test/Wheat_Oland/Sparse_series1_20_08_20_11_01_38.cdf
205,Deep_learning_in_food/Hyperspectral_Image_data/GrainClassData_Aug2020/Test/Wheat_Oland/Sparse_series1_20_08_20_11_01_38.jpg
206,Deep_learning_in_food/Hyperspectral_Image_data/GrainClassData_Aug2020/Test/Wheat_Oland/Sparse_series1_20_08_20_11_02_14.cdf
207,Deep_learning_in_food/Hyperspectral_Image_data/GrainClassData_Aug2020/Test/Wheat_Oland/Sparse_series1_20_08_20_11_02_14.jpg
208,Deep_learning_in_food/Hyperspectral_Image_data/GrainClassData_Aug2020/Test/Wheat_Oland/WHITEDense_series1_20_08_20_10_55_14.jpg
209,Deep_learning_in_food/Hyperspectral_Image_data/GrainClassData_Aug2020/Test/Wheat_Oland/WHITEDense_series1_20_08_20_10_55_14.npy
210,Deep_learning_in_food/Hyperspectral_Image_data/GrainClassData_Aug2020/Test/Wheat_Oland/WHITEDense_series1_20_08_20_10_56_48.jpg
211,Deep_learning_in_food/Hyperspectral_Image_data/GrainClassData_Aug2020/Test/Wheat_Oland/WHITEDense_series1_20_08_20_10_56_48.npy
212,Deep_learning_in_food/Hyperspectral_Image_data/GrainClassData_Aug2020/Test/Wheat_Oland/WHITEDense_series1_20_08_20_10_57_41.jpg
213,Deep_learning_in_food/Hyperspectral_Image_data/GrainClassData_Aug2020/Test/Wheat_Oland/WHITEDense_series1_20_08_20_10_57_41.npy
214,Deep_learning_in_food/Hyperspectral_Image_data/GrainClassData_Aug2020/Test/Wheat_Oland/WHITEDense_series2_20_08_20_10_58_28.jpg
215,Deep_learning_in_food/Hyperspectral_Image_data/GrainClassData_Aug2020/Test/Wheat_Oland/WHITEDense_series2_20_08_20_10_58_28.npy
216,Deep_learning_in_food/Hyperspectral_Image_data/GrainClassData_Aug2020/Test/Wheat_Oland/WHITEDense_series2_20_08_20_10_59_05.jpg
217,Deep_learning_in_food/Hyperspectral_Image_data/GrainClassData_Aug2020/Test/Wheat_Oland/WHITEDense_series2_20_08_20_10_59_05.npy
218,Deep_learning_in_food/Hyperspectral_Image_data/GrainClassData_Aug2020/Test/Wheat_Oland/WHITESparse_series1_20_08_20_11_00_44.jpg
219,Deep_learning_in_food/Hyperspectral_Image_data/GrainClassData_Aug2020/Test/Wheat_Oland/WHITESparse_series1_20_08_20_11_00_44.npy
220,Deep_learning_in_food/Hyperspectral_Image_data/GrainClassData_Aug2020/Test/Wheat_Oland/WHITESparse_series1_20_08_20_11_01_38.jpg
221,Deep_learning_in_food/Hyperspectral_Image_data/GrainClassData_Aug2020/Test/Wheat_Oland/WHITESparse_series1_20_08_20_11_01_38.npy
222,Deep_learning_in_food/Hyperspectral_Image_data/GrainClassData_Aug2020/Test/Wheat_Oland/WHITESparse_series1_20_08_20_11_02_14.jpg
223,Deep_learning_in_food/Hyperspectral_Image_data/GrainClassData_Aug2020/Test/Wheat_Oland/WHITESparse_series1_20_08_20_11_02_14.npy
224,Deep_learning_in_food/Hyperspectral_Image_data/GrainClassData_Aug2020/Test/Wheat_Spelt/Dense_series1_20_08_19_14_25_10.cdf
225,Deep_learning_in_food/Hyperspectral_Image_data/GrainClassData_Aug2020/Test/Wheat_Spelt/Dense_series1_20_08_19_14_25_10.jpg
226,Deep_learning_in_food/Hyperspectral_Image_data/GrainClassData_Aug2020/Test/Wheat_Spelt/Dense_series1_20_08_19_14_26_11.cdf
227,Deep_learning_in_food/Hyperspectral_Image_data/GrainClassData_Aug2020/Test/Wheat_Spelt/Dense_series1_20_08_19_14_26_11.jpg
228,Deep_learning_in_food/Hyperspectral_Image_data/GrainClassData_Aug2020/Test/Wheat_Spelt/Dense_series1_20_08_19_14_27_06.cdf
229,Deep_learning_in_food/Hyperspectral_Image_data/GrainClassData_Aug2020/Test/Wheat_Spelt/Dense_series1_20_08_19_14_27_06.jpg
230,Deep_learning_in_food/Hyperspectral_Image_data/GrainClassData_Aug2020/Test/Wheat_Spelt/Dense_series2_20_08_19_14_29_47.cdf
231,Deep_learning_in_food/Hyperspectral_Image_data/GrainClassData_Aug2020/Test/Wheat_Spelt/Dense_series2_20_08_19_14_29_47.jpg
232,Deep_learning_in_food/Hyperspectral_Image_data/GrainClassData_Aug2020/Test/Wheat_Spelt/Dense_series2_20_08_19_14_32_35.cdf
233,Deep_learning_in_food/Hyperspectral_Image_data/GrainClassData_Aug2020/Test/Wheat_Spelt/Dense_series2_20_08_19_14_32_35.jpg
234,Deep_learning_in_food/Hyperspectral_Image_data/GrainClassData_Aug2020/Test/Wheat_Spelt/Sparse_series1_20_08_19_14_33_50.cdf
235,Deep_learning_in_food/Hyperspectral_Image_data/GrainClassData_Aug2020/Test/Wheat_Spelt/Sparse_series1_20_08_19_14_33_50.jpg
236,Deep_learning_in_food/Hyperspectral_Image_data/GrainClassData_Aug2020/Test/Wheat_Spelt/Sparse_series1_20_08_19_14_35_02.cdf
237,Deep_learning_in_food/Hyperspectral_Image_data/GrainClassData_Aug2020/Test/Wheat_Spelt/Sparse_series1_20_08_19_14_35_02.jpg
238,Deep_learning_in_food/Hyperspectral_Image_data/GrainClassData_Aug2020/Test/Wheat_Spelt/Sparse_series1_20_08_19_14_35_50.cdf
239,Deep_learning_in_food/Hyperspectral_Image_data/GrainClassData_Aug2020/Test/Wheat_Spelt/Sparse_series1_20_08_19_14_35_50.jpg
240,Deep_learning_in_food/Hyperspectral_Image_data/GrainClassData_Aug2020/Test/Wheat_Spelt/WHITEDense_series1_20_08_19_14_25_10.jpg
241,Deep_learning_in_food/Hyperspectral_Image_data/GrainClassData_Aug2020/Test/Wheat_Spelt/WHITEDense_series1_20_08_19_14_25_10.npy
242,Deep_learning_in_food/Hyperspectral_Image_data/GrainClassData_Aug2020/Test/Wheat_Spelt/WHITEDense_series1_20_08_19_14_26_11.jpg
243,Deep_learning_in_food/Hyperspectral_Image_data/GrainClassData_Aug2020/Test/Wheat_Spelt/WHITEDense_series1_20_08_19_14_26_11.npy
244,Deep_learning_in_food/Hyperspectral_Image_data/GrainClassData_Aug2020/Test/Wheat_Spelt/WHITEDense_series1_20_08_19_14_27_06.jpg
245,Deep_learning_in_food/Hyperspectral_Image_data/GrainClassData_Aug2020/Test/Wheat_Spelt/WHITEDense_series1_20_08_19_14_27_06.npy
246,Deep_learning_in_food/Hyperspectral_Image_data/GrainClassData_Aug2020/Test/Wheat_Spelt/WHITEDense_series2_20_08_19_14_29_47.jpg
247,Deep_learning_in_food/Hyperspectral_Image_data/GrainClassData_Aug2020/Test/Wheat_Spelt/WHITEDense_series2_20_08_19_14_29_47.npy
248,Deep_learning_in_food/Hyperspectral_Image_data/GrainClassData_Aug2020/Test/Wheat_Spelt/WHITEDense_series2_20_08_19_14_32_35.jpg
249,Deep_learning_in_food/Hyperspectral_Image_data/GrainClassData_Aug2020/Test/Wheat_Spelt/WHITEDense_series2_20_08_19_14_32_35.npy
250,Deep_learning_in_food/Hyperspectral_Image_data/GrainClassData_Aug2020/Test/Wheat_Spelt/WHITESparse_series1_20_08_19_14_33_50.jpg
251,Deep_learning_in_food/Hyperspectral_Image_data/GrainClassData_Aug2020/Test/Wheat_Spelt/WHITESparse_series1_20_08_19_14_33_50.npy
252,Deep_learning_in_food/Hyperspectral_Image_data/GrainClassData_Aug2020/Test/Wheat_Spelt/WHITESparse_series1_20_08_19_14_35_02.jpg
253,Deep_learning_in_food/Hyperspectral_Image_data/GrainClassData_Aug2020/Test/Wheat_Spelt/WHITESparse_series1_20_08_19_14_35_02.npy
254,Deep_learning_in_food/Hyperspectral_Image_data/GrainClassData_Aug2020/Test/Wheat_Spelt/WHITESparse_series1_20_08_19_14_35_50.jpg
255,Deep_learning_in_food/Hyperspectral_Image_data/GrainClassData_Aug2020/Test/Wheat_Spelt/WHITESparse_series1_20_08_19_14_35_50.npy
256,Deep_learning_in_food/Hyperspectral_Image_data/GrainClassData_Aug2020/Training/Rye_Midsummer/Dense_series1_20_08_20_13_46_02.cdf
257,Deep_learning_in_food/Hyperspectral_Image_data/GrainClassData_Aug2020/Training/Rye_Midsummer/Dense_series1_20_08_20_13_46_02.jpg
258,Deep_learning_in_food/Hyperspectral_Image_data/GrainClassData_Aug2020/Training/Rye_Midsummer/Dense_series1_20_08_20_13_46_38.cdf
259,Deep_learning_in_food/Hyperspectral_Image_data/GrainClassData_Aug2020/Training/Rye_Midsummer/Dense_series1_20_08_20_13_46_38.jpg
260,Deep_learning_in_food/Hyperspectral_Image_data/GrainClassData_Aug2020/Training/Rye_Midsummer/Dense_series1_20_08_20_13_47_06.cdf
261,Deep_learning_in_food/Hyperspectral_Image_data/GrainClassData_Aug2020/Training/Rye_Midsummer/Dense_series1_20_08_20_13_47_06.jpg
262,Deep_learning_in_food/Hyperspectral_Image_data/GrainClassData_Aug2020/Training/Rye_Midsummer/Dense_series1_20_08_20_13_47_40.cdf
263,Deep_learning_in_food/Hyperspectral_Image_data/GrainClassData_Aug2020/Training/Rye_Midsummer/Dense_series1_20_08_20_13_47_40.jpg
264,Deep_learning_in_food/Hyperspectral_Image_data/GrainClassData_Aug2020/Training/Rye_Midsummer/Dense_series1_20_08_20_13_48_10.cdf
265,Deep_learning_in_food/Hyperspectral_Image_data/GrainClassData_Aug2020/Training/Rye_Midsummer/Dense_series1_20_08_20_13_48_10.jpg
266,Deep_learning_in_food/Hyperspectral_Image_data/GrainClassData_Aug2020/Training/Rye_Midsummer/Dense_series1_20_08_20_13_48_44.cdf
267,Deep_learning_in_food/Hyperspectral_Image_data/GrainClassData_Aug2020/Training/Rye_Midsummer/Dense_series1_20_08_20_13_48_44.jpg
268,Deep_learning_in_food/Hyperspectral_Image_data/GrainClassData_Aug2020/Training/Rye_Midsummer/Dense_series1_20_08_20_13_49_22.cdf
269,Deep_learning_in_food/Hyperspectral_Image_data/GrainClassData_Aug2020/Training/Rye_Midsummer/Dense_series1_20_08_20_13_49_22.jpg
270,Deep_learning_in_food/Hyperspectral_Image_data/GrainClassData_Aug2020/Training/Rye_Midsummer/Dense_series1_20_08_20_13_49_57.cdf
271,Deep_learning_in_food/Hyperspectral_Image_data/GrainClassData_Aug2020/Training/Rye_Midsummer/Dense_series1_20_08_20_13_49_57.jpg
272,Deep_learning_in_food/Hyperspectral_Image_data/GrainClassData_Aug2020/Training/Rye_Midsummer/Dense_series1_20_08_20_13_50_29.cdf
273,Deep_learning_in_food/Hyperspectral_Image_data/GrainClassData_Aug2020/Training/Rye_Midsummer/Dense_series1_20_08_20_13_50_29.jpg
274,Deep_learning_in_food/Hyperspectral_Image_data/GrainClassData_Aug2020/Training/Rye_Midsummer/Dense_Series1_20_09_08_07_38_41.cdf
275,Deep_learning_in_food/Hyperspectral_Image_data/GrainClassData_Aug2020/Training/Rye_Midsummer/Dense_Series1_20_09_08_07_38_41.jpg
276,Deep_learning_in_food/Hyperspectral_Image_data/GrainClassData_Aug2020/Training/Rye_Midsummer/Dense_Series1_20_09_08_07_39_35.cdf
277,Deep_learning_in_food/Hyperspectral_Image_data/GrainClassData_Aug2020/Training/Rye_Midsummer/Dense_Series1_20_09_08_07_39_35.jpg
278,Deep_learning_in_food/Hyperspectral_Image_data/GrainClassData_Aug2020/Training/Rye_Midsummer/Dense_Series1_20_09_08_07_40_11.cdf
279,Deep_learning_in_food/Hyperspectral_Image_data/GrainClassData_Aug2020/Training/Rye_Midsummer/Dense_Series1_20_09_08_07_40_11.jpg
280,Deep_learning_in_food/Hyperspectral_Image_data/GrainClassData_Aug2020/Training/Rye_Midsummer/Dense_Series1_20_09_08_07_40_49.cdf
281,Deep_learning_in_food/Hyperspectral_Image_data/GrainClassData_Aug2020/Training/Rye_Midsummer/Dense_Series1_20_09_08_07_40_49.jpg
282,Deep_learning_in_food/Hyperspectral_Image_data/GrainClassData_Aug2020/Training/Rye_Midsummer/Dense_Series1_20_09_08_07_41_27.cdf
283,Deep_learning_in_food/Hyperspectral_Image_data/GrainClassData_Aug2020/Training/Rye_Midsummer/Dense_Series1_20_09_08_07_41_27.jpg
284,Deep_learning_in_food/Hyperspectral_Image_data/GrainClassData_Aug2020/Training/Rye_Midsummer/Dense_Series1_20_09_08_07_42_17.cdf
285,Deep_learning_in_food/Hyperspectral_Image_data/GrainClassData_Aug2020/Training/Rye_Midsummer/Dense_Series1_20_09_08_07_42_17.jpg
286,Deep_learning_in_food/Hyperspectral_Image_data/GrainClassData_Aug2020/Training/Rye_Midsummer/Dense_Series1_20_09_08_07_43_02.cdf
287,Deep_learning_in_food/Hyperspectral_Image_data/GrainClassData_Aug2020/Training/Rye_Midsummer/Dense_Series1_20_09_08_07_43_02.jpg
288,Deep_learning_in_food/Hyperspectral_Image_data/GrainClassData_Aug2020/Training/Rye_Midsummer/Dense_series2_20_08_20_13_51_06.cdf
289,Deep_learning_in_food/Hyperspectral_Image_data/GrainClassData_Aug2020/Training/Rye_Midsummer/Dense_series2_20_08_20_13_51_06.jpg
290,Deep_learning_in_food/Hyperspectral_Image_data/GrainClassData_Aug2020/Training/Rye_Midsummer/Dense_Series2_20_09_08_07_43_44.cdf
291,Deep_learning_in_food/Hyperspectral_Image_data/GrainClassData_Aug2020/Training/Rye_Midsummer/Dense_Series2_20_09_08_07_43_44.jpg
292,Deep_learning_in_food/Hyperspectral_Image_data/GrainClassData_Aug2020/Training/Rye_Midsummer/Dense_Series2_20_09_08_07_44_19.cdf
293,Deep_learning_in_food/Hyperspectral_Image_data/GrainClassData_Aug2020/Training/Rye_Midsummer/Dense_Series2_20_09_08_07_44_19.jpg
294,Deep_learning_in_food/Hyperspectral_Image_data/GrainClassData_Aug2020/Training/Rye_Midsummer/Dense_Series2_20_09_08_07_44_50.cdf
295,Deep_learning_in_food/Hyperspectral_Image_data/GrainClassData_Aug2020/Training/Rye_Midsummer/Dense_Series2_20_09_08_07_44_50.jpg
296,Deep_learning_in_food/Hyperspectral_Image_data/GrainClassData_Aug2020/Training/Rye_Midsummer/Sparse_series1_20_08_20_13_51_48.cdf
297,Deep_learning_in_food/Hyperspectral_Image_data/GrainClassData_Aug2020/Training/Rye_Midsummer/Sparse_series1_20_08_20_13_51_48.jpg
298,Deep_learning_in_food/Hyperspectral_Image_data/GrainClassData_Aug2020/Training/Rye_Midsummer/Sparse_series1_20_08_20_13_52_34.cdf
299,Deep_learning_in_food/Hyperspectral_Image_data/GrainClassData_Aug2020/Training/Rye_Midsummer/Sparse_series1_20_08_20_13_52_34.jpg
300,Deep_learning_in_food/Hyperspectral_Image_data/GrainClassData_Aug2020/Training/Rye_Midsummer/Sparse_series1_20_08_20_13_53_09.cdf
301,Deep_learning_in_food/Hyperspectral_Image_data/GrainClassData_Aug2020/Training/Rye_Midsummer/Sparse_series1_20_08_20_13_53_09.jpg
302,Deep_learning_in_food/Hyperspectral_Image_data/GrainClassData_Aug2020/Training/Rye_Midsummer/Sparse_series1_20_08_20_13_53_37.cdf
303,Deep_learning_in_food/Hyperspectral_Image_data/GrainClassData_Aug2020/Training/Rye_Midsummer/Sparse_series1_20_08_20_13_53_37.jpg
304,Deep_learning_in_food/Hyperspectral_Image_data/GrainClassData_Aug2020/Training/Rye_Midsummer/Sparse_series1_20_08_20_13_54_06.cdf
305,Deep_learning_in_food/Hyperspectral_Image_data/GrainClassData_Aug2020/Training/Rye_Midsummer/Sparse_series1_20_08_20_13_54_06.jpg
306,Deep_learning_in_food/Hyperspectral_Image_data/GrainClassData_Aug2020/Training/Rye_Midsummer/Sparse_series1_20_08_20_13_54_43.cdf
307,Deep_learning_in_food/Hyperspectral_Image_data/GrainClassData_Aug2020/Training/Rye_Midsummer/Sparse_series1_20_08_20_13_54_43.jpg
308,Deep_learning_in_food/Hyperspectral_Image_data/GrainClassData_Aug2020/Training/Rye_Midsummer/Sparse_Series1_20_09_08_07_46_12.cdf
309,Deep_learning_in_food/Hyperspectral_Image_data/GrainClassData_Aug2020/Training/Rye_Midsummer/Sparse_Series1_20_09_08_07_46_12.jpg
310,Deep_learning_in_food/Hyperspectral_Image_data/GrainClassData_Aug2020/Training/Rye_Midsummer/Sparse_Series1_20_09_08_07_46_56.cdf
311,Deep_learning_in_food/Hyperspectral_Image_data/GrainClassData_Aug2020/Training/Rye_Midsummer/Sparse_Series1_20_09_08_07_46_56.jpg
312,Deep_learning_in_food/Hyperspectral_Image_data/GrainClassData_Aug2020/Training/Rye_Midsummer/Sparse_Series1_20_09_08_07_47_28.cdf
313,Deep_learning_in_food/Hyperspectral_Image_data/GrainClassData_Aug2020/Training/Rye_Midsummer/Sparse_Series1_20_09_08_07_47_28.jpg
314,Deep_learning_in_food/Hyperspectral_Image_data/GrainClassData_Aug2020/Training/Rye_Midsummer/Sparse_Series1_20_09_08_07_48_02.cdf
315,Deep_learning_in_food/Hyperspectral_Image_data/GrainClassData_Aug2020/Training/Rye_Midsummer/Sparse_Series1_20_09_08_07_48_02.jpg
316,Deep_learning_in_food/Hyperspectral_Image_data/GrainClassData_Aug2020/Training/Rye_Midsummer/Sparse_Series1_20_09_08_07_48_33.cdf
317,Deep_learning_in_food/Hyperspectral_Image_data/GrainClassData_Aug2020/Training/Rye_Midsummer/Sparse_Series1_20_09_08_07_48_33.jpg
318,Deep_learning_in_food/Hyperspectral_Image_data/GrainClassData_Aug2020/Training/Rye_Midsummer/Sparse_Series1_20_09_08_07_49_09.cdf
319,Deep_learning_in_food/Hyperspectral_Image_data/GrainClassData_Aug2020/Training/Rye_Midsummer/Sparse_Series1_20_09_08_07_49_09.jpg
320,Deep_learning_in_food/Hyperspectral_Image_data/GrainClassData_Aug2020/Training/Rye_Midsummer/WHITEDense_series1_20_08_20_13_46_02.jpg
321,Deep_learning_in_food/Hyperspectral_Image_data/GrainClassData_Aug2020/Training/Rye_Midsummer/WHITEDense_series1_20_08_20_13_46_02.npy
322,Deep_learning_in_food/Hyperspectral_Image_data/GrainClassData_Aug2020/Training/Rye_Midsummer/WHITEDense_series1_20_08_20_13_46_38.jpg
323,Deep_learning_in_food/Hyperspectral_Image_data/GrainClassData_Aug2020/Training/Rye_Midsummer/WHITEDense_series1_20_08_20_13_46_38.npy
324,Deep_learning_in_food/Hyperspectral_Image_data/GrainClassData_Aug2020/Training/Rye_Midsummer/WHITEDense_series1_20_08_20_13_47_06.jpg
325,Deep_learning_in_food/Hyperspectral_Image_data/GrainClassData_Aug2020/Training/Rye_Midsummer/WHITEDense_series1_20_08_20_13_47_06.npy
326,Deep_learning_in_food/Hyperspectral_Image_data/GrainClassData_Aug2020/Training/Rye_Midsummer/WHITEDense_series1_20_08_20_13_47_40.jpg
327,Deep_learning_in_food/Hyperspectral_Image_data/GrainClassData_Aug2020/Training/Rye_Midsummer/WHITEDense_series1_20_08_20_13_47_40.npy
328,Deep_learning_in_food/Hyperspectral_Image_data/GrainClassData_Aug2020/Training/Rye_Midsummer/WHITEDense_series1_20_08_20_13_48_10.jpg
329,Deep_learning_in_food/Hyperspectral_Image_data/GrainClassData_Aug2020/Training/Rye_Midsummer/WHITEDense_series1_20_08_20_13_48_10.npy
330,Deep_learning_in_food/Hyperspectral_Image_data/GrainClassData_Aug2020/Training/Rye_Midsummer/WHITEDense_series1_20_08_20_13_48_44.jpg
331,Deep_learning_in_food/Hyperspectral_Image_data/GrainClassData_Aug2020/Training/Rye_Midsummer/WHITEDense_series1_20_08_20_13_48_44.npy
332,Deep_learning_in_food/Hyperspectral_Image_data/GrainClassData_Aug2020/Training/Rye_Midsummer/WHITEDense_series1_20_08_20_13_49_22.jpg
333,Deep_learning_in_food/Hyperspectral_Image_data/GrainClassData_Aug2020/Training/Rye_Midsummer/WHITEDense_series1_20_08_20_13_49_22.npy
334,Deep_learning_in_food/Hyperspectral_Image_data/GrainClassData_Aug2020/Training/Rye_Midsummer/WHITEDense_series1_20_08_20_13_49_57.jpg
335,Deep_learning_in_food/Hyperspectral_Image_data/GrainClassData_Aug2020/Training/Rye_Midsummer/WHITEDense_series1_20_08_20_13_49_57.npy
336,Deep_learning_in_food/Hyperspectral_Image_data/GrainClassData_Aug2020/Training/Rye_Midsummer/WHITEDense_series1_20_08_20_13_50_29.jpg
337,Deep_learning_in_food/Hyperspectral_Image_data/GrainClassData_Aug2020/Training/Rye_Midsummer/WHITEDense_series1_20_08_20_13_50_29.npy
338,Deep_learning_in_food/Hyperspectral_Image_data/GrainClassData_Aug2020/Training/Rye_Midsummer/WHITEDense_Series1_20_09_08_07_38_41.jpg
339,Deep_learning_in_food/Hyperspectral_Image_data/GrainClassData_Aug2020/Training/Rye_Midsummer/WHITEDense_Series1_20_09_08_07_38_41.npy
340,Deep_learning_in_food/Hyperspectral_Image_data/GrainClassData_Aug2020/Training/Rye_Midsummer/WHITEDense_Series1_20_09_08_07_39_35.jpg
341,Deep_learning_in_food/Hyperspectral_Image_data/GrainClassData_Aug2020/Training/Rye_Midsummer/WHITEDense_Series1_20_09_08_07_39_35.npy
342,Deep_learning_in_food/Hyperspectral_Image_data/GrainClassData_Aug2020/Training/Rye_Midsummer/WHITEDense_Series1_20_09_08_07_40_11.jpg
343,Deep_learning_in_food/Hyperspectral_Image_data/GrainClassData_Aug2020/Training/Rye_Midsummer/WHITEDense_Series1_20_09_08_07_40_11.npy
344,Deep_learning_in_food/Hyperspectral_Image_data/GrainClassData_Aug2020/Training/Rye_Midsummer/WHITEDense_Series1_20_09_08_07_40_49.jpg
345,Deep_learning_in_food/Hyperspectral_Image_data/GrainClassData_Aug2020/Training/Rye_Midsummer/WHITEDense_Series1_20_09_08_07_40_49.npy
346,Deep_learning_in_food/Hyperspectral_Image_data/GrainClassData_Aug2020/Training/Rye_Midsummer/WHITEDense_Series1_20_09_08_07_41_27.jpg
347,Deep_learning_in_food/Hyperspectral_Image_data/GrainClassData_Aug2020/Training/Rye_Midsummer/WHITEDense_Series1_20_09_08_07_41_27.npy
348,Deep_learning_in_food/Hyperspectral_Image_data/GrainClassData_Aug2020/Training/Rye_Midsummer/WHITEDense_Series1_20_09_08_07_42_17.jpg
349,Deep_learning_in_food/Hyperspectral_Image_data/GrainClassData_Aug2020/Training/Rye_Midsummer/WHITEDense_Series1_20_09_08_07_42_17.npy
350,Deep_learning_in_food/Hyperspectral_Image_data/GrainClassData_Aug2020/Training/Rye_Midsummer/WHITEDense_Series1_20_09_08_07_43_02.jpg
351,Deep_learning_in_food/Hyperspectral_Image_data/GrainClassData_Aug2020/Training/Rye_Midsummer/WHITEDense_Series1_20_09_08_07_43_02.npy
352,Deep_learning_in_food/Hyperspectral_Image_data/GrainClassData_Aug2020/Training/Rye_Midsummer/WHITEDense_series2_20_08_20_13_51_06.jpg
353,Deep_learning_in_food/Hyperspectral_Image_data/GrainClassData_Aug2020/Training/Rye_Midsummer/WHITEDense_series2_20_08_20_13_51_06.npy
354,Deep_learning_in_food/Hyperspectral_Image_data/GrainClassData_Aug2020/Training/Rye_Midsummer/WHITEDense_Series2_20_09_08_07_43_44.jpg
355,Deep_learning_in_food/Hyperspectral_Image_data/GrainClassData_Aug2020/Training/Rye_Midsummer/WHITEDense_Series2_20_09_08_07_43_44.npy
356,Deep_learning_in_food/Hyperspectral_Image_data/GrainClassData_Aug2020/Training/Rye_Midsummer/WHITEDense_Series2_20_09_08_07_44_19.jpg
357,Deep_learning_in_food/Hyperspectral_Image_data/GrainClassData_Aug2020/Training/Rye_Midsummer/WHITEDense_Series2_20_09_08_07_44_19.npy
358,Deep_learning_in_food/Hyperspectral_Image_data/GrainClassData_Aug2020/Training/Rye_Midsummer/WHITEDense_Series2_20_09_08_07_44_50.jpg
359,Deep_learning_in_food/Hyperspectral_Image_data/GrainClassData_Aug2020/Training/Rye_Midsummer/WHITEDense_Series2_20_09_08_07_44_50.npy
360,Deep_learning_in_food/Hyperspectral_Image_data/GrainClassData_Aug2020/Training/Rye_Midsummer/WHITESparse_series1_20_08_20_13_51_48.jpg
361,Deep_learning_in_food/Hyperspectral_Image_data/GrainClassData_Aug2020/Training/Rye_Midsummer/WHITESparse_series1_20_08_20_13_51_48.npy
362,Deep_learning_in_food/Hyperspectral_Image_data/GrainClassData_Aug2020/Training/Rye_Midsummer/WHITESparse_series1_20_08_20_13_52_34.jpg
363,Deep_learning_in_food/Hyperspectral_Image_data/GrainClassData_Aug2020/Training/Rye_Midsummer/WHITESparse_series1_20_08_20_13_52_34.npy
364,Deep_learning_in_food/Hyperspectral_Image_data/GrainClassData_Aug2020/Training/Rye_Midsummer/WHITESparse_series1_20_08_20_13_53_09.jpg
365,Deep_learning_in_food/Hyperspectral_Image_data/GrainClassData_Aug2020/Training/Rye_Midsummer/WHITESparse_series1_20_08_20_13_53_09.npy
366,Deep_learning_in_food/Hyperspectral_Image_data/GrainClassData_Aug2020/Training/Rye_Midsummer/WHITESparse_series1_20_08_20_13_53_37.jpg
367,Deep_learning_in_food/Hyperspectral_Image_data/GrainClassData_Aug2020/Training/Rye_Midsummer/WHITESparse_series1_20_08_20_13_53_37.npy
368,Deep_learning_in_food/Hyperspectral_Image_data/GrainClassData_Aug2020/Training/Rye_Midsummer/WHITESparse_series1_20_08_20_13_54_06.jpg
369,Deep_learning_in_food/Hyperspectral_Image_data/GrainClassData_Aug2020/Training/Rye_Midsummer/WHITESparse_series1_20_08_20_13_54_06.npy
370,Deep_learning_in_food/Hyperspectral_Image_data/GrainClassData_Aug2020/Training/Rye_Midsummer/WHITESparse_series1_20_08_20_13_54_43.jpg
371,Deep_learning_in_food/Hyperspectral_Image_data/GrainClassData_Aug2020/Training/Rye_Midsummer/WHITESparse_series1_20_08_20_13_54_43.npy
372,Deep_learning_in_food/Hyperspectral_Image_data/GrainClassData_Aug2020/Training/Rye_Midsummer/WHITESparse_Series1_20_09_08_07_46_12.jpg
373,Deep_learning_in_food/Hyperspectral_Image_data/GrainClassData_Aug2020/Training/Rye_Midsummer/WHITESparse_Series1_20_09_08_07_46_12.npy
374,Deep_learning_in_food/Hyperspectral_Image_data/GrainClassData_Aug2020/Training/Rye_Midsummer/WHITESparse_Series1_20_09_08_07_46_56.jpg
375,Deep_learning_in_food/Hyperspectral_Image_data/GrainClassData_Aug2020/Training/Rye_Midsummer/WHITESparse_Series1_20_09_08_07_46_56.npy
376,Deep_learning_in_food/Hyperspectral_Image_data/GrainClassData_Aug2020/Training/Rye_Midsummer/WHITESparse_Series1_20_09_08_07_47_28.jpg
377,Deep_learning_in_food/Hyperspectral_Image_data/GrainClassData_Aug2020/Training/Rye_Midsummer/WHITESparse_Series1_20_09_08_07_47_28.npy
378,Deep_learning_in_food/Hyperspectral_Image_data/GrainClassData_Aug2020/Training/Rye_Midsummer/WHITESparse_Series1_20_09_08_07_48_02.jpg
379,Deep_learning_in_food/Hyperspectral_Image_data/GrainClassData_Aug2020/Training/Rye_Midsummer/WHITESparse_Series1_20_09_08_07_48_02.npy
380,Deep_learning_in_food/Hyperspectral_Image_data/GrainClassData_Aug2020/Training/Rye_Midsummer/WHITESparse_Series1_20_09_08_07_48_33.jpg
381,Deep_learning_in_food/Hyperspectral_Image_data/GrainClassData_Aug2020/Training/Rye_Midsummer/WHITESparse_Series1_20_09_08_07_48_33.npy
382,Deep_learning_in_food/Hyperspectral_Image_data/GrainClassData_Aug2020/Training/Rye_Midsummer/WHITESparse_Series1_20_09_08_07_49_09.jpg
383,Deep_learning_in_food/Hyperspectral_Image_data/GrainClassData_Aug2020/Training/Rye_Midsummer/WHITESparse_Series1_20_09_08_07_49_09.npy
384,Deep_learning_in_food/Hyperspectral_Image_data/GrainClassData_Aug2020/Training/Wheat_H1/Dense_series1_20_08_20_13_33_51.cdf
385,Deep_learning_in_food/Hyperspectral_Image_data/GrainClassData_Aug2020/Training/Wheat_H1/Dense_series1_20_08_20_13_33_51.jpg
386,Deep_learning_in_food/Hyperspectral_Image_data/GrainClassData_Aug2020/Training/Wheat_H1/Dense_series1_20_08_20_13_34_21.cdf
387,Deep_learning_in_food/Hyperspectral_Image_data/GrainClassData_Aug2020/Training/Wheat_H1/Dense_series1_20_08_20_13_34_21.jpg
388,Deep_learning_in_food/Hyperspectral_Image_data/GrainClassData_Aug2020/Training/Wheat_H1/Dense_series1_20_08_20_13_34_52.cdf
389,Deep_learning_in_food/Hyperspectral_Image_data/GrainClassData_Aug2020/Training/Wheat_H1/Dense_series1_20_08_20_13_34_52.jpg
390,Deep_learning_in_food/Hyperspectral_Image_data/GrainClassData_Aug2020/Training/Wheat_H1/Dense_series1_20_08_20_13_35_24.cdf
391,Deep_learning_in_food/Hyperspectral_Image_data/GrainClassData_Aug2020/Training/Wheat_H1/Dense_series1_20_08_20_13_35_24.jpg
392,Deep_learning_in_food/Hyperspectral_Image_data/GrainClassData_Aug2020/Training/Wheat_H1/Dense_series1_20_08_20_13_35_56.cdf
393,Deep_learning_in_food/Hyperspectral_Image_data/GrainClassData_Aug2020/Training/Wheat_H1/Dense_series1_20_08_20_13_35_56.jpg
394,Deep_learning_in_food/Hyperspectral_Image_data/GrainClassData_Aug2020/Training/Wheat_H1/Dense_series1_20_08_20_13_36_24.cdf
395,Deep_learning_in_food/Hyperspectral_Image_data/GrainClassData_Aug2020/Training/Wheat_H1/Dense_series1_20_08_20_13_36_24.jpg
396,Deep_learning_in_food/Hyperspectral_Image_data/GrainClassData_Aug2020/Training/Wheat_H1/Dense_series1_20_08_20_13_36_54.cdf
397,Deep_learning_in_food/Hyperspectral_Image_data/GrainClassData_Aug2020/Training/Wheat_H1/Dense_series1_20_08_20_13_36_54.jpg
398,Deep_learning_in_food/Hyperspectral_Image_data/GrainClassData_Aug2020/Training/Wheat_H1/Dense_series1_20_08_20_13_37_31.cdf
399,Deep_learning_in_food/Hyperspectral_Image_data/GrainClassData_Aug2020/Training/Wheat_H1/Dense_series1_20_08_20_13_37_31.jpg
400,Deep_learning_in_food/Hyperspectral_Image_data/GrainClassData_Aug2020/Training/Wheat_H1/Dense_Series1_20_09_07_14_54_09.cdf
401,Deep_learning_in_food/Hyperspectral_Image_data/GrainClassData_Aug2020/Training/Wheat_H1/Dense_Series1_20_09_07_14_54_09.jpg
402,Deep_learning_in_food/Hyperspectral_Image_data/GrainClassData_Aug2020/Training/Wheat_H1/Dense_Series1_20_09_07_14_56_17.cdf
403,Deep_learning_in_food/Hyperspectral_Image_data/GrainClassData_Aug2020/Training/Wheat_H1/Dense_Series1_20_09_07_14_56_17.jpg
404,Deep_learning_in_food/Hyperspectral_Image_data/GrainClassData_Aug2020/Training/Wheat_H1/Dense_Series1_20_09_07_14_56_56.cdf
405,Deep_learning_in_food/Hyperspectral_Image_data/GrainClassData_Aug2020/Training/Wheat_H1/Dense_Series1_20_09_07_14_56_56.jpg
406,Deep_learning_in_food/Hyperspectral_Image_data/GrainClassData_Aug2020/Training/Wheat_H1/Dense_Series1_20_09_07_15_00_38.cdf
407,Deep_learning_in_food/Hyperspectral_Image_data/GrainClassData_Aug2020/Training/Wheat_H1/Dense_Series1_20_09_07_15_00_38.jpg
408,Deep_learning_in_food/Hyperspectral_Image_data/GrainClassData_Aug2020/Training/Wheat_H1/Dense_Series1_20_09_07_15_01_35.cdf
409,Deep_learning_in_food/Hyperspectral_Image_data/GrainClassData_Aug2020/Training/Wheat_H1/Dense_Series1_20_09_07_15_01_35.jpg
410,Deep_learning_in_food/Hyperspectral_Image_data/GrainClassData_Aug2020/Training/Wheat_H1/Dense_Series1_20_09_07_15_05_56.cdf
411,Deep_learning_in_food/Hyperspectral_Image_data/GrainClassData_Aug2020/Training/Wheat_H1/Dense_Series1_20_09_07_15_05_56.jpg
412,Deep_learning_in_food/Hyperspectral_Image_data/GrainClassData_Aug2020/Training/Wheat_H1/Dense_series2_20_08_20_13_38_20.cdf
413,Deep_learning_in_food/Hyperspectral_Image_data/GrainClassData_Aug2020/Training/Wheat_H1/Dense_series2_20_08_20_13_38_20.jpg
414,Deep_learning_in_food/Hyperspectral_Image_data/GrainClassData_Aug2020/Training/Wheat_H1/Dense_series2_20_08_20_13_38_49.cdf
415,Deep_learning_in_food/Hyperspectral_Image_data/GrainClassData_Aug2020/Training/Wheat_H1/Dense_series2_20_08_20_13_38_49.jpg
416,Deep_learning_in_food/Hyperspectral_Image_data/GrainClassData_Aug2020/Training/Wheat_H1/Dense_Series2_20_09_07_15_10_55.cdf
417,Deep_learning_in_food/Hyperspectral_Image_data/GrainClassData_Aug2020/Training/Wheat_H1/Dense_Series2_20_09_07_15_10_55.jpg
418,Deep_learning_in_food/Hyperspectral_Image_data/GrainClassData_Aug2020/Training/Wheat_H1/Dense_Series2_20_09_07_15_11_39.cdf
419,Deep_learning_in_food/Hyperspectral_Image_data/GrainClassData_Aug2020/Training/Wheat_H1/Dense_Series2_20_09_07_15_11_39.jpg
420,Deep_learning_in_food/Hyperspectral_Image_data/GrainClassData_Aug2020/Training/Wheat_H1/Dense_Series2_20_09_07_15_12_30.cdf
421,Deep_learning_in_food/Hyperspectral_Image_data/GrainClassData_Aug2020/Training/Wheat_H1/Dense_Series2_20_09_07_15_12_30.jpg
422,Deep_learning_in_food/Hyperspectral_Image_data/GrainClassData_Aug2020/Training/Wheat_H1/Dense_Series2_20_09_07_15_13_02.cdf
423,Deep_learning_in_food/Hyperspectral_Image_data/GrainClassData_Aug2020/Training/Wheat_H1/Dense_Series2_20_09_07_15_13_02.jpg
424,Deep_learning_in_food/Hyperspectral_Image_data/GrainClassData_Aug2020/Training/Wheat_H1/Sparse_series1_20_08_20_13_39_57.cdf
425,Deep_learning_in_food/Hyperspectral_Image_data/GrainClassData_Aug2020/Training/Wheat_H1/Sparse_series1_20_08_20_13_39_57.jpg
426,Deep_learning_in_food/Hyperspectral_Image_data/GrainClassData_Aug2020/Training/Wheat_H1/Sparse_series1_20_08_20_13_40_32.cdf
427,Deep_learning_in_food/Hyperspectral_Image_data/GrainClassData_Aug2020/Training/Wheat_H1/Sparse_series1_20_08_20_13_40_32.jpg
428,Deep_learning_in_food/Hyperspectral_Image_data/GrainClassData_Aug2020/Training/Wheat_H1/Sparse_series1_20_08_20_13_41_09.cdf
429,Deep_learning_in_food/Hyperspectral_Image_data/GrainClassData_Aug2020/Training/Wheat_H1/Sparse_series1_20_08_20_13_41_09.jpg
430,Deep_learning_in_food/Hyperspectral_Image_data/GrainClassData_Aug2020/Training/Wheat_H1/Sparse_series1_20_08_20_13_41_39.cdf
431,Deep_learning_in_food/Hyperspectral_Image_data/GrainClassData_Aug2020/Training/Wheat_H1/Sparse_series1_20_08_20_13_41_39.jpg
432,Deep_learning_in_food/Hyperspectral_Image_data/GrainClassData_Aug2020/Training/Wheat_H1/Sparse_series1_20_08_20_13_42_09.cdf
433,Deep_learning_in_food/Hyperspectral_Image_data/GrainClassData_Aug2020/Training/Wheat_H1/Sparse_series1_20_08_20_13_42_09.jpg
434,Deep_learning_in_food/Hyperspectral_Image_data/GrainClassData_Aug2020/Training/Wheat_H1/Sparse_series1_20_08_20_13_42_39.cdf
435,Deep_learning_in_food/Hyperspectral_Image_data/GrainClassData_Aug2020/Training/Wheat_H1/Sparse_series1_20_08_20_13_42_39.jpg
436,Deep_learning_in_food/Hyperspectral_Image_data/GrainClassData_Aug2020/Training/Wheat_H1/Sparse_Series1_20_09_07_15_14_07.cdf
437,Deep_learning_in_food/Hyperspectral_Image_data/GrainClassData_Aug2020/Training/Wheat_H1/Sparse_Series1_20_09_07_15_14_07.jpg
438,Deep_learning_in_food/Hyperspectral_Image_data/GrainClassData_Aug2020/Training/Wheat_H1/Sparse_Series1_20_09_07_15_14_52.cdf
439,Deep_learning_in_food/Hyperspectral_Image_data/GrainClassData_Aug2020/Training/Wheat_H1/Sparse_Series1_20_09_07_15_14_52.jpg
440,Deep_learning_in_food/Hyperspectral_Image_data/GrainClassData_Aug2020/Training/Wheat_H1/Sparse_Series1_20_09_07_15_15_27.cdf
441,Deep_learning_in_food/Hyperspectral_Image_data/GrainClassData_Aug2020/Training/Wheat_H1/Sparse_Series1_20_09_07_15_15_27.jpg
442,Deep_learning_in_food/Hyperspectral_Image_data/GrainClassData_Aug2020/Training/Wheat_H1/Sparse_Series1_20_09_07_15_16_06.cdf
443,Deep_learning_in_food/Hyperspectral_Image_data/GrainClassData_Aug2020/Training/Wheat_H1/Sparse_Series1_20_09_07_15_16_06.jpg
444,Deep_learning_in_food/Hyperspectral_Image_data/GrainClassData_Aug2020/Training/Wheat_H1/Sparse_Series1_20_09_07_15_16_44.cdf
445,Deep_learning_in_food/Hyperspectral_Image_data/GrainClassData_Aug2020/Training/Wheat_H1/Sparse_Series1_20_09_07_15_16_44.jpg
446,Deep_learning_in_food/Hyperspectral_Image_data/GrainClassData_Aug2020/Training/Wheat_H1/Sparse_Series1_20_09_07_15_18_08.cdf
447,Deep_learning_in_food/Hyperspectral_Image_data/GrainClassData_Aug2020/Training/Wheat_H1/Sparse_Series1_20_09_07_15_18_08.jpg
448,Deep_learning_in_food/Hyperspectral_Image_data/GrainClassData_Aug2020/Training/Wheat_H1/WHITEDense_series1_20_08_20_13_33_51.jpg
449,Deep_learning_in_food/Hyperspectral_Image_data/GrainClassData_Aug2020/Training/Wheat_H1/WHITEDense_series1_20_08_20_13_33_51.npy
450,Deep_learning_in_food/Hyperspectral_Image_data/GrainClassData_Aug2020/Training/Wheat_H1/WHITEDense_series1_20_08_20_13_34_21.jpg
451,Deep_learning_in_food/Hyperspectral_Image_data/GrainClassData_Aug2020/Training/Wheat_H1/WHITEDense_series1_20_08_20_13_34_21.npy
452,Deep_learning_in_food/Hyperspectral_Image_data/GrainClassData_Aug2020/Training/Wheat_H1/WHITEDense_series1_20_08_20_13_34_52.jpg
453,Deep_learning_in_food/Hyperspectral_Image_data/GrainClassData_Aug2020/Training/Wheat_H1/WHITEDense_series1_20_08_20_13_34_52.npy
454,Deep_learning_in_food/Hyperspectral_Image_data/GrainClassData_Aug2020/Training/Wheat_H1/WHITEDense_series1_20_08_20_13_35_24.jpg
455,Deep_learning_in_food/Hyperspectral_Image_data/GrainClassData_Aug2020/Training/Wheat_H1/WHITEDense_series1_20_08_20_13_35_24.npy
456,Deep_learning_in_food/Hyperspectral_Image_data/GrainClassData_Aug2020/Training/Wheat_H1/WHITEDense_series1_20_08_20_13_35_56.jpg
457,Deep_learning_in_food/Hyperspectral_Image_data/GrainClassData_Aug2020/Training/Wheat_H1/WHITEDense_series1_20_08_20_13_35_56.npy
458,Deep_learning_in_food/Hyperspectral_Image_data/GrainClassData_Aug2020/Training/Wheat_H1/WHITEDense_series1_20_08_20_13_36_24.jpg
459,Deep_learning_in_food/Hyperspectral_Image_data/GrainClassData_Aug2020/Training/Wheat_H1/WHITEDense_series1_20_08_20_13_36_24.npy
460,Deep_learning_in_food/Hyperspectral_Image_data/GrainClassData_Aug2020/Training/Wheat_H1/WHITEDense_series1_20_08_20_13_36_54.jpg
461,Deep_learning_in_food/Hyperspectral_Image_data/GrainClassData_Aug2020/Training/Wheat_H1/WHITEDense_series1_20_08_20_13_36_54.npy
462,Deep_learning_in_food/Hyperspectral_Image_data/GrainClassData_Aug2020/Training/Wheat_H1/WHITEDense_series1_20_08_20_13_37_31.jpg
463,Deep_learning_in_food/Hyperspectral_Image_data/GrainClassData_Aug2020/Training/Wheat_H1/WHITEDense_series1_20_08_20_13_37_31.npy
464,Deep_learning_in_food/Hyperspectral_Image_data/GrainClassData_Aug2020/Training/Wheat_H1/WHITEDense_Series1_20_09_07_14_54_09.jpg
465,Deep_learning_in_food/Hyperspectral_Image_data/GrainClassData_Aug2020/Training/Wheat_H1/WHITEDense_Series1_20_09_07_14_54_09.npy
466,Deep_learning_in_food/Hyperspectral_Image_data/GrainClassData_Aug2020/Training/Wheat_H1/WHITEDense_Series1_20_09_07_14_56_17.jpg
467,Deep_learning_in_food/Hyperspectral_Image_data/GrainClassData_Aug2020/Training/Wheat_H1/WHITEDense_Series1_20_09_07_14_56_17.npy
468,Deep_learning_in_food/Hyperspectral_Image_data/GrainClassData_Aug2020/Training/Wheat_H1/WHITEDense_Series1_20_09_07_14_56_56.jpg
469,Deep_learning_in_food/Hyperspectral_Image_data/GrainClassData_Aug2020/Training/Wheat_H1/WHITEDense_Series1_20_09_07_14_56_56.npy
470,Deep_learning_in_food/Hyperspectral_Image_data/GrainClassData_Aug2020/Training/Wheat_H1/WHITEDense_Series1_20_09_07_15_00_38.jpg
471,Deep_learning_in_food/Hyperspectral_Image_data/GrainClassData_Aug2020/Training/Wheat_H1/WHITEDense_Series1_20_09_07_15_00_38.npy
472,Deep_learning_in_food/Hyperspectral_Image_data/GrainClassData_Aug2020/Training/Wheat_H1/WHITEDense_Series1_20_09_07_15_01_35.jpg
473,Deep_learning_in_food/Hyperspectral_Image_data/GrainClassData_Aug2020/Training/Wheat_H1/WHITEDense_Series1_20_09_07_15_01_35.npy
474,Deep_learning_in_food/Hyperspectral_Image_data/GrainClassData_Aug2020/Training/Wheat_H1/WHITEDense_Series1_20_09_07_15_05_56.jpg
475,Deep_learning_in_food/Hyperspectral_Image_data/GrainClassData_Aug2020/Training/Wheat_H1/WHITEDense_Series1_20_09_07_15_05_56.npy
476,Deep_learning_in_food/Hyperspectral_Image_data/GrainClassData_Aug2020/Training/Wheat_H1/WHITEDense_series2_20_08_20_13_38_20.jpg
477,Deep_learning_in_food/Hyperspectral_Image_data/GrainClassData_Aug2020/Training/Wheat_H1/WHITEDense_series2_20_08_20_13_38_20.npy
478,Deep_learning_in_food/Hyperspectral_Image_data/GrainClassData_Aug2020/Training/Wheat_H1/WHITEDense_series2_20_08_20_13_38_49.jpg
479,Deep_learning_in_food/Hyperspectral_Image_data/GrainClassData_Aug2020/Training/Wheat_H1/WHITEDense_series2_20_08_20_13_38_49.npy
480,Deep_learning_in_food/Hyperspectral_Image_data/GrainClassData_Aug2020/Training/Wheat_H1/WHITEDense_Series2_20_09_07_15_10_55.jpg
481,Deep_learning_in_food/Hyperspectral_Image_data/GrainClassData_Aug2020/Training/Wheat_H1/WHITEDense_Series2_20_09_07_15_10_55.npy
482,Deep_learning_in_food/Hyperspectral_Image_data/GrainClassData_Aug2020/Training/Wheat_H1/WHITEDense_Series2_20_09_07_15_11_39.jpg
483,Deep_learning_in_food/Hyperspectral_Image_data/GrainClassData_Aug2020/Training/Wheat_H1/WHITEDense_Series2_20_09_07_15_11_39.npy
484,Deep_learning_in_food/Hyperspectral_Image_data/GrainClassData_Aug2020/Training/Wheat_H1/WHITEDense_Series2_20_09_07_15_12_30.jpg
485,Deep_learning_in_food/Hyperspectral_Image_data/GrainClassData_Aug2020/Training/Wheat_H1/WHITEDense_Series2_20_09_07_15_12_30.npy
486,Deep_learning_in_food/Hyperspectral_Image_data/GrainClassData_Aug2020/Training/Wheat_H1/WHITEDense_Series2_20_09_07_15_13_02.jpg
487,Deep_learning_in_food/Hyperspectral_Image_data/GrainClassData_Aug2020/Training/Wheat_H1/WHITEDense_Series2_20_09_07_15_13_02.npy
488,Deep_learning_in_food/Hyperspectral_Image_data/GrainClassData_Aug2020/Training/Wheat_H1/WHITESparse_series1_20_08_20_13_39_57.jpg
489,Deep_learning_in_food/Hyperspectral_Image_data/GrainClassData_Aug2020/Training/Wheat_H1/WHITESparse_series1_20_08_20_13_39_57.npy
490,Deep_learning_in_food/Hyperspectral_Image_data/GrainClassData_Aug2020/Training/Wheat_H1/WHITESparse_series1_20_08_20_13_40_32.jpg
491,Deep_learning_in_food/Hyperspectral_Image_data/GrainClassData_Aug2020/Training/Wheat_H1/WHITESparse_series1_20_08_20_13_40_32.npy
492,Deep_learning_in_food/Hyperspectral_Image_data/GrainClassData_Aug2020/Training/Wheat_H1/WHITESparse_series1_20_08_20_13_41_09.jpg
493,Deep_learning_in_food/Hyperspectral_Image_data/GrainClassData_Aug2020/Training/Wheat_H1/WHITESparse_series1_20_08_20_13_41_09.npy
494,Deep_learning_in_food/Hyperspectral_Image_data/GrainClassData_Aug2020/Training/Wheat_H1/WHITESparse_series1_20_08_20_13_41_39.jpg
495,Deep_learning_in_food/Hyperspectral_Image_data/GrainClassData_Aug2020/Training/Wheat_H1/WHITESparse_series1_20_08_20_13_41_39.npy
496,Deep_learning_in_food/Hyperspectral_Image_data/GrainClassData_Aug2020/Training/Wheat_H1/WHITESparse_series1_20_08_20_13_42_09.jpg
497,Deep_learning_in_food/Hyperspectral_Image_data/GrainClassData_Aug2020/Training/Wheat_H1/WHITESparse_series1_20_08_20_13_42_09.npy
498,Deep_learning_in_food/Hyperspectral_Image_data/GrainClassData_Aug2020/Training/Wheat_H1/WHITESparse_series1_20_08_20_13_42_39.jpg
499,Deep_learning_in_food/Hyperspectral_Image_data/GrainClassData_Aug2020/Training/Wheat_H1/WHITESparse_series1_20_08_20_13_42_39.npy
500,Deep_learning_in_food/Hyperspectral_Image_data/GrainClassData_Aug2020/Training/Wheat_H1/WHITESparse_Series1_20_09_07_15_14_07.jpg
501,Deep_learning_in_food/Hyperspectral_Image_data/GrainClassData_Aug2020/Training/Wheat_H1/WHITESparse_Series1_20_09_07_15_14_07.npy
502,Deep_learning_in_food/Hyperspectral_Image_data/GrainClassData_Aug2020/Training/Wheat_H1/WHITESparse_Series1_20_09_07_15_14_52.jpg
503,Deep_learning_in_food/Hyperspectral_Image_data/GrainClassData_Aug2020/Training/Wheat_H1/WHITESparse_Series1_20_09_07_15_14_52.npy
504,Deep_learning_in_food/Hyperspectral_Image_data/GrainClassData_Aug2020/Training/Wheat_H1/WHITESparse_Series1_20_09_07_15_15_27.jpg
505,Deep_learning_in_food/Hyperspectral_Image_data/GrainClassData_Aug2020/Training/Wheat_H1/WHITESparse_Series1_20_09_07_15_15_27.npy
506,Deep_learning_in_food/Hyperspectral_Image_data/GrainClassData_Aug2020/Training/Wheat_H1/WHITESparse_Series1_20_09_07_15_16_06.jpg
507,Deep_learning_in_food/Hyperspectral_Image_data/GrainClassData_Aug2020/Training/Wheat_H1/WHITESparse_Series1_20_09_07_15_16_06.npy
508,Deep_learning_in_food/Hyperspectral_Image_data/GrainClassData_Aug2020/Training/Wheat_H1/WHITESparse_Series1_20_09_07_15_16_44.jpg
509,Deep_learning_in_food/Hyperspectral_Image_data/GrainClassData_Aug2020/Training/Wheat_H1/WHITESparse_Series1_20_09_07_15_16_44.npy
510,Deep_learning_in_food/Hyperspectral_Image_data/GrainClassData_Aug2020/Training/Wheat_H1/WHITESparse_Series1_20_09_07_15_18_08.jpg
511,Deep_learning_in_food/Hyperspectral_Image_data/GrainClassData_Aug2020/Training/Wheat_H1/WHITESparse_Series1_20_09_07_15_18_08.npy
512,Deep_learning_in_food/Hyperspectral_Image_data/GrainClassData_Aug2020/Training/Wheat_H3/Dense_series1_20_08_20_14_07_28.cdf
513,Deep_learning_in_food/Hyperspectral_Image_data/GrainClassData_Aug2020/Training/Wheat_H3/Dense_series1_20_08_20_14_07_28.jpg
514,Deep_learning_in_food/Hyperspectral_Image_data/GrainClassData_Aug2020/Training/Wheat_H3/Dense_series1_20_08_20_14_08_03.cdf
515,Deep_learning_in_food/Hyperspectral_Image_data/GrainClassData_Aug2020/Training/Wheat_H3/Dense_series1_20_08_20_14_08_03.jpg
516,Deep_learning_in_food/Hyperspectral_Image_data/GrainClassData_Aug2020/Training/Wheat_H3/Dense_series1_20_08_20_14_08_33.cdf
517,Deep_learning_in_food/Hyperspectral_Image_data/GrainClassData_Aug2020/Training/Wheat_H3/Dense_series1_20_08_20_14_08_33.jpg
518,Deep_learning_in_food/Hyperspectral_Image_data/GrainClassData_Aug2020/Training/Wheat_H3/Dense_series1_20_08_20_14_09_01.cdf
519,Deep_learning_in_food/Hyperspectral_Image_data/GrainClassData_Aug2020/Training/Wheat_H3/Dense_series1_20_08_20_14_09_01.jpg
520,Deep_learning_in_food/Hyperspectral_Image_data/GrainClassData_Aug2020/Training/Wheat_H3/Dense_series1_20_08_20_14_09_31.cdf
521,Deep_learning_in_food/Hyperspectral_Image_data/GrainClassData_Aug2020/Training/Wheat_H3/Dense_series1_20_08_20_14_09_31.jpg
522,Deep_learning_in_food/Hyperspectral_Image_data/GrainClassData_Aug2020/Training/Wheat_H3/Dense_series1_20_08_20_14_09_59.cdf
523,Deep_learning_in_food/Hyperspectral_Image_data/GrainClassData_Aug2020/Training/Wheat_H3/Dense_series1_20_08_20_14_09_59.jpg
524,Deep_learning_in_food/Hyperspectral_Image_data/GrainClassData_Aug2020/Training/Wheat_H3/Dense_Series1_20_09_07_14_36_36.cdf
525,Deep_learning_in_food/Hyperspectral_Image_data/GrainClassData_Aug2020/Training/Wheat_H3/Dense_Series1_20_09_07_14_36_36.jpg
526,Deep_learning_in_food/Hyperspectral_Image_data/GrainClassData_Aug2020/Training/Wheat_H3/Dense_Series1_20_09_07_14_37_22.cdf
527,Deep_learning_in_food/Hyperspectral_Image_data/GrainClassData_Aug2020/Training/Wheat_H3/Dense_Series1_20_09_07_14_37_22.jpg
528,Deep_learning_in_food/Hyperspectral_Image_data/GrainClassData_Aug2020/Training/Wheat_H3/Dense_Series1_20_09_07_14_38_10.cdf
529,Deep_learning_in_food/Hyperspectral_Image_data/GrainClassData_Aug2020/Training/Wheat_H3/Dense_Series1_20_09_07_14_38_10.jpg
530,Deep_learning_in_food/Hyperspectral_Image_data/GrainClassData_Aug2020/Training/Wheat_H3/Dense_Series1_20_09_07_14_38_50.cdf
531,Deep_learning_in_food/Hyperspectral_Image_data/GrainClassData_Aug2020/Training/Wheat_H3/Dense_Series1_20_09_07_14_38_50.jpg
532,Deep_learning_in_food/Hyperspectral_Image_data/GrainClassData_Aug2020/Training/Wheat_H3/Dense_Series1_20_09_07_14_39_31.cdf
533,Deep_learning_in_food/Hyperspectral_Image_data/GrainClassData_Aug2020/Training/Wheat_H3/Dense_Series1_20_09_07_14_39_31.jpg
534,Deep_learning_in_food/Hyperspectral_Image_data/GrainClassData_Aug2020/Training/Wheat_H3/Dense_Series1_20_09_07_14_40_09.cdf
535,Deep_learning_in_food/Hyperspectral_Image_data/GrainClassData_Aug2020/Training/Wheat_H3/Dense_Series1_20_09_07_14_40_09.jpg
536,Deep_learning_in_food/Hyperspectral_Image_data/GrainClassData_Aug2020/Training/Wheat_H3/Dense_series2_20_08_20_14_10_43.cdf
537,Deep_learning_in_food/Hyperspectral_Image_data/GrainClassData_Aug2020/Training/Wheat_H3/Dense_series2_20_08_20_14_10_43.jpg
538,Deep_learning_in_food/Hyperspectral_Image_data/GrainClassData_Aug2020/Training/Wheat_H3/Dense_series2_20_08_20_14_11_12.cdf
539,Deep_learning_in_food/Hyperspectral_Image_data/GrainClassData_Aug2020/Training/Wheat_H3/Dense_series2_20_08_20_14_11_12.jpg
540,Deep_learning_in_food/Hyperspectral_Image_data/GrainClassData_Aug2020/Training/Wheat_H3/Dense_series2_20_08_20_14_11_43.cdf
541,Deep_learning_in_food/Hyperspectral_Image_data/GrainClassData_Aug2020/Training/Wheat_H3/Dense_series2_20_08_20_14_11_43.jpg
542,Deep_learning_in_food/Hyperspectral_Image_data/GrainClassData_Aug2020/Training/Wheat_H3/Dense_series2_20_08_20_14_12_13.cdf
543,Deep_learning_in_food/Hyperspectral_Image_data/GrainClassData_Aug2020/Training/Wheat_H3/Dense_series2_20_08_20_14_12_13.jpg
544,Deep_learning_in_food/Hyperspectral_Image_data/GrainClassData_Aug2020/Training/Wheat_H3/Dense_Series2_20_09_07_14_40_51.cdf
545,Deep_learning_in_food/Hyperspectral_Image_data/GrainClassData_Aug2020/Training/Wheat_H3/Dense_Series2_20_09_07_14_40_51.jpg
546,Deep_learning_in_food/Hyperspectral_Image_data/GrainClassData_Aug2020/Training/Wheat_H3/Dense_Series2_20_09_07_14_42_06.cdf
547,Deep_learning_in_food/Hyperspectral_Image_data/GrainClassData_Aug2020/Training/Wheat_H3/Dense_Series2_20_09_07_14_42_06.jpg
548,Deep_learning_in_food/Hyperspectral_Image_data/GrainClassData_Aug2020/Training/Wheat_H3/Dense_Series2_20_09_07_14_42_56.cdf
549,Deep_learning_in_food/Hyperspectral_Image_data/GrainClassData_Aug2020/Training/Wheat_H3/Dense_Series2_20_09_07_14_42_56.jpg
550,Deep_learning_in_food/Hyperspectral_Image_data/GrainClassData_Aug2020/Training/Wheat_H3/Dense_Series2_20_09_07_14_43_45.cdf
551,Deep_learning_in_food/Hyperspectral_Image_data/GrainClassData_Aug2020/Training/Wheat_H3/Dense_Series2_20_09_07_14_43_45.jpg
552,Deep_learning_in_food/Hyperspectral_Image_data/GrainClassData_Aug2020/Training/Wheat_H3/Sparse_series1_20_08_20_14_12_50.cdf
553,Deep_learning_in_food/Hyperspectral_Image_data/GrainClassData_Aug2020/Training/Wheat_H3/Sparse_series1_20_08_20_14_12_50.jpg
554,Deep_learning_in_food/Hyperspectral_Image_data/GrainClassData_Aug2020/Training/Wheat_H3/Sparse_series1_20_08_20_14_13_18.cdf
555,Deep_learning_in_food/Hyperspectral_Image_data/GrainClassData_Aug2020/Training/Wheat_H3/Sparse_series1_20_08_20_14_13_18.jpg
556,Deep_learning_in_food/Hyperspectral_Image_data/GrainClassData_Aug2020/Training/Wheat_H3/Sparse_series1_20_08_20_14_13_47.cdf
557,Deep_learning_in_food/Hyperspectral_Image_data/GrainClassData_Aug2020/Training/Wheat_H3/Sparse_series1_20_08_20_14_13_47.jpg
558,Deep_learning_in_food/Hyperspectral_Image_data/GrainClassData_Aug2020/Training/Wheat_H3/Sparse_series1_20_08_20_14_14_18.cdf
559,Deep_learning_in_food/Hyperspectral_Image_data/GrainClassData_Aug2020/Training/Wheat_H3/Sparse_series1_20_08_20_14_14_18.jpg
560,Deep_learning_in_food/Hyperspectral_Image_data/GrainClassData_Aug2020/Training/Wheat_H3/Sparse_series1_20_08_20_14_14_47.cdf
561,Deep_learning_in_food/Hyperspectral_Image_data/GrainClassData_Aug2020/Training/Wheat_H3/Sparse_series1_20_08_20_14_14_47.jpg
562,Deep_learning_in_food/Hyperspectral_Image_data/GrainClassData_Aug2020/Training/Wheat_H3/Sparse_series1_20_08_20_14_15_16.cdf
563,Deep_learning_in_food/Hyperspectral_Image_data/GrainClassData_Aug2020/Training/Wheat_H3/Sparse_series1_20_08_20_14_15_16.jpg
564,Deep_learning_in_food/Hyperspectral_Image_data/GrainClassData_Aug2020/Training/Wheat_H3/Sparse_Series1_20_09_07_14_46_08.cdf
565,Deep_learning_in_food/Hyperspectral_Image_data/GrainClassData_Aug2020/Training/Wheat_H3/Sparse_Series1_20_09_07_14_46_08.jpg
566,Deep_learning_in_food/Hyperspectral_Image_data/GrainClassData_Aug2020/Training/Wheat_H3/Sparse_Series1_20_09_07_14_47_30.cdf
567,Deep_learning_in_food/Hyperspectral_Image_data/GrainClassData_Aug2020/Training/Wheat_H3/Sparse_Series1_20_09_07_14_47_30.jpg
568,Deep_learning_in_food/Hyperspectral_Image_data/GrainClassData_Aug2020/Training/Wheat_H3/Sparse_Series1_20_09_07_14_48_09.cdf
569,Deep_learning_in_food/Hyperspectral_Image_data/GrainClassData_Aug2020/Training/Wheat_H3/Sparse_Series1_20_09_07_14_48_09.jpg
570,Deep_learning_in_food/Hyperspectral_Image_data/GrainClassData_Aug2020/Training/Wheat_H3/Sparse_Series1_20_09_07_14_48_44.cdf
571,Deep_learning_in_food/Hyperspectral_Image_data/GrainClassData_Aug2020/Training/Wheat_H3/Sparse_Series1_20_09_07_14_48_44.jpg
572,Deep_learning_in_food/Hyperspectral_Image_data/GrainClassData_Aug2020/Training/Wheat_H3/Sparse_Series1_20_09_07_14_49_17.cdf
573,Deep_learning_in_food/Hyperspectral_Image_data/GrainClassData_Aug2020/Training/Wheat_H3/Sparse_Series1_20_09_07_14_49_17.jpg
574,Deep_learning_in_food/Hyperspectral_Image_data/GrainClassData_Aug2020/Training/Wheat_H3/Sparse_Series1_20_09_07_14_50_14.cdf
575,Deep_learning_in_food/Hyperspectral_Image_data/GrainClassData_Aug2020/Training/Wheat_H3/Sparse_Series1_20_09_07_14_50_14.jpg
576,Deep_learning_in_food/Hyperspectral_Image_data/GrainClassData_Aug2020/Training/Wheat_H3/WHITEDense_series1_20_08_20_14_07_28.jpg
577,Deep_learning_in_food/Hyperspectral_Image_data/GrainClassData_Aug2020/Training/Wheat_H3/WHITEDense_series1_20_08_20_14_07_28.npy
578,Deep_learning_in_food/Hyperspectral_Image_data/GrainClassData_Aug2020/Training/Wheat_H3/WHITEDense_series1_20_08_20_14_08_03.jpg
579,Deep_learning_in_food/Hyperspectral_Image_data/GrainClassData_Aug2020/Training/Wheat_H3/WHITEDense_series1_20_08_20_14_08_03.npy
580,Deep_learning_in_food/Hyperspectral_Image_data/GrainClassData_Aug2020/Training/Wheat_H3/WHITEDense_series1_20_08_20_14_08_33.jpg
581,Deep_learning_in_food/Hyperspectral_Image_data/GrainClassData_Aug2020/Training/Wheat_H3/WHITEDense_series1_20_08_20_14_08_33.npy
582,Deep_learning_in_food/Hyperspectral_Image_data/GrainClassData_Aug2020/Training/Wheat_H3/WHITEDense_series1_20_08_20_14_09_01.jpg
583,Deep_learning_in_food/Hyperspectral_Image_data/GrainClassData_Aug2020/Training/Wheat_H3/WHITEDense_series1_20_08_20_14_09_01.npy
584,Deep_learning_in_food/Hyperspectral_Image_data/GrainClassData_Aug2020/Training/Wheat_H3/WHITEDense_series1_20_08_20_14_09_31.jpg
585,Deep_learning_in_food/Hyperspectral_Image_data/GrainClassData_Aug2020/Training/Wheat_H3/WHITEDense_series1_20_08_20_14_09_31.npy
586,Deep_learning_in_food/Hyperspectral_Image_data/GrainClassData_Aug2020/Training/Wheat_H3/WHITEDense_series1_20_08_20_14_09_59.jpg
587,Deep_learning_in_food/Hyperspectral_Image_data/GrainClassData_Aug2020/Training/Wheat_H3/WHITEDense_series1_20_08_20_14_09_59.npy
588,Deep_learning_in_food/Hyperspectral_Image_data/GrainClassData_Aug2020/Training/Wheat_H3/WHITEDense_Series1_20_09_07_14_36_36.jpg
589,Deep_learning_in_food/Hyperspectral_Image_data/GrainClassData_Aug2020/Training/Wheat_H3/WHITEDense_Series1_20_09_07_14_36_36.npy
590,Deep_learning_in_food/Hyperspectral_Image_data/GrainClassData_Aug2020/Training/Wheat_H3/WHITEDense_Series1_20_09_07_14_37_22.jpg
591,Deep_learning_in_food/Hyperspectral_Image_data/GrainClassData_Aug2020/Training/Wheat_H3/WHITEDense_Series1_20_09_07_14_37_22.npy
592,Deep_learning_in_food/Hyperspectral_Image_data/GrainClassData_Aug2020/Training/Wheat_H3/WHITEDense_Series1_20_09_07_14_38_10.jpg
593,Deep_learning_in_food/Hyperspectral_Image_data/GrainClassData_Aug2020/Training/Wheat_H3/WHITEDense_Series1_20_09_07_14_38_10.npy
594,Deep_learning_in_food/Hyperspectral_Image_data/GrainClassData_Aug2020/Training/Wheat_H3/WHITEDense_Series1_20_09_07_14_38_50.jpg
595,Deep_learning_in_food/Hyperspectral_Image_data/GrainClassData_Aug2020/Training/Wheat_H3/WHITEDense_Series1_20_09_07_14_38_50.npy
596,Deep_learning_in_food/Hyperspectral_Image_data/GrainClassData_Aug2020/Training/Wheat_H3/WHITEDense_Series1_20_09_07_14_39_31.jpg
597,Deep_learning_in_food/Hyperspectral_Image_data/GrainClassData_Aug2020/Training/Wheat_H3/WHITEDense_Series1_20_09_07_14_39_31.npy
598,Deep_learning_in_food/Hyperspectral_Image_data/GrainClassData_Aug2020/Training/Wheat_H3/WHITEDense_Series1_20_09_07_14_40_09.jpg
599,Deep_learning_in_food/Hyperspectral_Image_data/GrainClassData_Aug2020/Training/Wheat_H3/WHITEDense_Series1_20_09_07_14_40_09.npy
600,Deep_learning_in_food/Hyperspectral_Image_data/GrainClassData_Aug2020/Training/Wheat_H3/WHITEDense_series2_20_08_20_14_10_43.jpg
601,Deep_learning_in_food/Hyperspectral_Image_data/GrainClassData_Aug2020/Training/Wheat_H3/WHITEDense_series2_20_08_20_14_10_43.npy
602,Deep_learning_in_food/Hyperspectral_Image_data/GrainClassData_Aug2020/Training/Wheat_H3/WHITEDense_series2_20_08_20_14_11_12.jpg
603,Deep_learning_in_food/Hyperspectral_Image_data/GrainClassData_Aug2020/Training/Wheat_H3/WHITEDense_series2_20_08_20_14_11_12.npy
604,Deep_learning_in_food/Hyperspectral_Image_data/GrainClassData_Aug2020/Training/Wheat_H3/WHITEDense_series2_20_08_20_14_11_43.jpg
605,Deep_learning_in_food/Hyperspectral_Image_data/GrainClassData_Aug2020/Training/Wheat_H3/WHITEDense_series2_20_08_20_14_11_43.npy
606,Deep_learning_in_food/Hyperspectral_Image_data/GrainClassData_Aug2020/Training/Wheat_H3/WHITEDense_series2_20_08_20_14_12_13.jpg
607,Deep_learning_in_food/Hyperspectral_Image_data/GrainClassData_Aug2020/Training/Wheat_H3/WHITEDense_series2_20_08_20_14_12_13.npy
608,Deep_learning_in_food/Hyperspectral_Image_data/GrainClassData_Aug2020/Training/Wheat_H3/WHITEDense_Series2_20_09_07_14_40_51.jpg
609,Deep_learning_in_food/Hyperspectral_Image_data/GrainClassData_Aug2020/Training/Wheat_H3/WHITEDense_Series2_20_09_07_14_40_51.npy
610,Deep_learning_in_food/Hyperspectral_Image_data/GrainClassData_Aug2020/Training/Wheat_H3/WHITEDense_Series2_20_09_07_14_42_06.jpg
611,Deep_learning_in_food/Hyperspectral_Image_data/GrainClassData_Aug2020/Training/Wheat_H3/WHITEDense_Series2_20_09_07_14_42_06.npy
612,Deep_learning_in_food/Hyperspectral_Image_data/GrainClassData_Aug2020/Training/Wheat_H3/WHITEDense_Series2_20_09_07_14_42_56.jpg
613,Deep_learning_in_food/Hyperspectral_Image_data/GrainClassData_Aug2020/Training/Wheat_H3/WHITEDense_Series2_20_09_07_14_42_56.npy
614,Deep_learning_in_food/Hyperspectral_Image_data/GrainClassData_Aug2020/Training/Wheat_H3/WHITEDense_Series2_20_09_07_14_43_45.jpg
615,Deep_learning_in_food/Hyperspectral_Image_data/GrainClassData_Aug2020/Training/Wheat_H3/WHITEDense_Series2_20_09_07_14_43_45.npy
616,Deep_learning_in_food/Hyperspectral_Image_data/GrainClassData_Aug2020/Training/Wheat_H3/WHITESparse_series1_20_08_20_14_12_50.jpg
617,Deep_learning_in_food/Hyperspectral_Image_data/GrainClassData_Aug2020/Training/Wheat_H3/WHITESparse_series1_20_08_20_14_12_50.npy
618,Deep_learning_in_food/Hyperspectral_Image_data/GrainClassData_Aug2020/Training/Wheat_H3/WHITESparse_series1_20_08_20_14_13_18.jpg
619,Deep_learning_in_food/Hyperspectral_Image_data/GrainClassData_Aug2020/Training/Wheat_H3/WHITESparse_series1_20_08_20_14_13_18.npy
620,Deep_learning_in_food/Hyperspectral_Image_data/GrainClassData_Aug2020/Training/Wheat_H3/WHITESparse_series1_20_08_20_14_13_47.jpg
621,Deep_learning_in_food/Hyperspectral_Image_data/GrainClassData_Aug2020/Training/Wheat_H3/WHITESparse_series1_20_08_20_14_13_47.npy
622,Deep_learning_in_food/Hyperspectral_Image_data/GrainClassData_Aug2020/Training/Wheat_H3/WHITESparse_series1_20_08_20_14_14_18.jpg
623,Deep_learning_in_food/Hyperspectral_Image_data/GrainClassData_Aug2020/Training/Wheat_H3/WHITESparse_series1_20_08_20_14_14_18.npy
624,Deep_learning_in_food/Hyperspectral_Image_data/GrainClassData_Aug2020/Training/Wheat_H3/WHITESparse_series1_20_08_20_14_14_47.jpg
625,Deep_learning_in_food/Hyperspectral_Image_data/GrainClassData_Aug2020/Training/Wheat_H3/WHITESparse_series1_20_08_20_14_14_47.npy
626,Deep_learning_in_food/Hyperspectral_Image_data/GrainClassData_Aug2020/Training/Wheat_H3/WHITESparse_series1_20_08_20_14_15_16.jpg
627,Deep_learning_in_food/Hyperspectral_Image_data/GrainClassData_Aug2020/Training/Wheat_H3/WHITESparse_series1_20_08_20_14_15_16.npy
628,Deep_learning_in_food/Hyperspectral_Image_data/GrainClassData_Aug2020/Training/Wheat_H3/WHITESparse_Series1_20_09_07_14_46_08.jpg
629,Deep_learning_in_food/Hyperspectral_Image_data/GrainClassData_Aug2020/Training/Wheat_H3/WHITESparse_Series1_20_09_07_14_46_08.npy
630,Deep_learning_in_food/Hyperspectral_Image_data/GrainClassData_Aug2020/Training/Wheat_H3/WHITESparse_Series1_20_09_07_14_47_30.jpg
631,Deep_learning_in_food/Hyperspectral_Image_data/GrainClassData_Aug2020/Training/Wheat_H3/WHITESparse_Series1_20_09_07_14_47_30.npy
632,Deep_learning_in_food/Hyperspectral_Image_data/GrainClassData_Aug2020/Training/Wheat_H3/WHITESparse_Series1_20_09_07_14_48_09.jpg
633,Deep_learning_in_food/Hyperspectral_Image_data/GrainClassData_Aug2020/Training/Wheat_H3/WHITESparse_Series1_20_09_07_14_48_09.npy
634,Deep_learning_in_food/Hyperspectral_Image_data/GrainClassData_Aug2020/Training/Wheat_H3/WHITESparse_Series1_20_09_07_14_48_44.jpg
635,Deep_learning_in_food/Hyperspectral_Image_data/GrainClassData_Aug2020/Training/Wheat_H3/WHITESparse_Series1_20_09_07_14_48_44.npy
636,Deep_learning_in_food/Hyperspectral_Image_data/GrainClassData_Aug2020/Training/Wheat_H3/WHITESparse_Series1_20_09_07_14_49_17.jpg
637,Deep_learning_in_food/Hyperspectral_Image_data/GrainClassData_Aug2020/Training/Wheat_H3/WHITESparse_Series1_20_09_07_14_49_17.npy
638,Deep_learning_in_food/Hyperspectral_Image_data/GrainClassData_Aug2020/Training/Wheat_H3/WHITESparse_Series1_20_09_07_14_50_14.jpg
639,Deep_learning_in_food/Hyperspectral_Image_data/GrainClassData_Aug2020/Training/Wheat_H3/WHITESparse_Series1_20_09_07_14_50_14.npy
640,Deep_learning_in_food/Hyperspectral_Image_data/GrainClassData_Aug2020/Training/Wheat_H4/Dense_series1_20_08_20_13_20_49.cdf
641,Deep_learning_in_food/Hyperspectral_Image_data/GrainClassData_Aug2020/Training/Wheat_H4/Dense_series1_20_08_20_13_20_49.jpg
642,Deep_learning_in_food/Hyperspectral_Image_data/GrainClassData_Aug2020/Training/Wheat_H4/Dense_series1_20_08_20_13_21_36.cdf
643,Deep_learning_in_food/Hyperspectral_Image_data/GrainClassData_Aug2020/Training/Wheat_H4/Dense_series1_20_08_20_13_21_36.jpg
644,Deep_learning_in_food/Hyperspectral_Image_data/GrainClassData_Aug2020/Training/Wheat_H4/Dense_series1_20_08_20_13_22_23.cdf
645,Deep_learning_in_food/Hyperspectral_Image_data/GrainClassData_Aug2020/Training/Wheat_H4/Dense_series1_20_08_20_13_22_23.jpg
646,Deep_learning_in_food/Hyperspectral_Image_data/GrainClassData_Aug2020/Training/Wheat_H4/Dense_series1_20_08_20_13_22_55.cdf
647,Deep_learning_in_food/Hyperspectral_Image_data/GrainClassData_Aug2020/Training/Wheat_H4/Dense_series1_20_08_20_13_22_55.jpg
648,Deep_learning_in_food/Hyperspectral_Image_data/GrainClassData_Aug2020/Training/Wheat_H4/Dense_series1_20_08_20_13_23_26.cdf
649,Deep_learning_in_food/Hyperspectral_Image_data/GrainClassData_Aug2020/Training/Wheat_H4/Dense_series1_20_08_20_13_23_26.jpg
650,Deep_learning_in_food/Hyperspectral_Image_data/GrainClassData_Aug2020/Training/Wheat_H4/Dense_series1_20_08_20_13_24_26.cdf
651,Deep_learning_in_food/Hyperspectral_Image_data/GrainClassData_Aug2020/Training/Wheat_H4/Dense_series1_20_08_20_13_24_26.jpg
652,Deep_learning_in_food/Hyperspectral_Image_data/GrainClassData_Aug2020/Training/Wheat_H4/Dense_series1_20_08_20_13_25_37.cdf
653,Deep_learning_in_food/Hyperspectral_Image_data/GrainClassData_Aug2020/Training/Wheat_H4/Dense_series1_20_08_20_13_25_37.jpg
654,Deep_learning_in_food/Hyperspectral_Image_data/GrainClassData_Aug2020/Training/Wheat_H4/Dense_Series1_20_09_07_14_08_15.cdf
655,Deep_learning_in_food/Hyperspectral_Image_data/GrainClassData_Aug2020/Training/Wheat_H4/Dense_Series1_20_09_07_14_08_15.jpg
656,Deep_learning_in_food/Hyperspectral_Image_data/GrainClassData_Aug2020/Training/Wheat_H4/Dense_Series1_20_09_07_14_09_13.cdf
657,Deep_learning_in_food/Hyperspectral_Image_data/GrainClassData_Aug2020/Training/Wheat_H4/Dense_Series1_20_09_07_14_09_13.jpg
658,Deep_learning_in_food/Hyperspectral_Image_data/GrainClassData_Aug2020/Training/Wheat_H4/Dense_Series1_20_09_07_14_12_59.cdf
659,Deep_learning_in_food/Hyperspectral_Image_data/GrainClassData_Aug2020/Training/Wheat_H4/Dense_Series1_20_09_07_14_12_59.jpg
660,Deep_learning_in_food/Hyperspectral_Image_data/GrainClassData_Aug2020/Training/Wheat_H4/Dense_Series1_20_09_07_14_13_39.cdf
661,Deep_learning_in_food/Hyperspectral_Image_data/GrainClassData_Aug2020/Training/Wheat_H4/Dense_Series1_20_09_07_14_13_39.jpg
662,Deep_learning_in_food/Hyperspectral_Image_data/GrainClassData_Aug2020/Training/Wheat_H4/Dense_Series1_20_09_07_14_14_17.cdf
663,Deep_learning_in_food/Hyperspectral_Image_data/GrainClassData_Aug2020/Training/Wheat_H4/Dense_Series1_20_09_07_14_14_17.jpg
664,Deep_learning_in_food/Hyperspectral_Image_data/GrainClassData_Aug2020/Training/Wheat_H4/Dense_Series1_20_09_07_14_15_41.cdf
665,Deep_learning_in_food/Hyperspectral_Image_data/GrainClassData_Aug2020/Training/Wheat_H4/Dense_Series1_20_09_07_14_15_41.jpg
666,Deep_learning_in_food/Hyperspectral_Image_data/GrainClassData_Aug2020/Training/Wheat_H4/Dense_series2_20_08_20_13_26_20.cdf
667,Deep_learning_in_food/Hyperspectral_Image_data/GrainClassData_Aug2020/Training/Wheat_H4/Dense_series2_20_08_20_13_26_20.jpg
668,Deep_learning_in_food/Hyperspectral_Image_data/GrainClassData_Aug2020/Training/Wheat_H4/Dense_series2_20_08_20_13_27_03.cdf
669,Deep_learning_in_food/Hyperspectral_Image_data/GrainClassData_Aug2020/Training/Wheat_H4/Dense_series2_20_08_20_13_27_03.jpg
670,Deep_learning_in_food/Hyperspectral_Image_data/GrainClassData_Aug2020/Training/Wheat_H4/Dense_series2_20_08_20_13_27_35.cdf
671,Deep_learning_in_food/Hyperspectral_Image_data/GrainClassData_Aug2020/Training/Wheat_H4/Dense_series2_20_08_20_13_27_35.jpg
672,Deep_learning_in_food/Hyperspectral_Image_data/GrainClassData_Aug2020/Training/Wheat_H4/Dense_Series2_20_09_07_14_21_16.cdf
673,Deep_learning_in_food/Hyperspectral_Image_data/GrainClassData_Aug2020/Training/Wheat_H4/Dense_Series2_20_09_07_14_21_16.jpg
674,Deep_learning_in_food/Hyperspectral_Image_data/GrainClassData_Aug2020/Training/Wheat_H4/Dense_Series2_20_09_07_14_25_12.cdf
675,Deep_learning_in_food/Hyperspectral_Image_data/GrainClassData_Aug2020/Training/Wheat_H4/Dense_Series2_20_09_07_14_25_12.jpg
676,Deep_learning_in_food/Hyperspectral_Image_data/GrainClassData_Aug2020/Training/Wheat_H4/Dense_Series2_20_09_07_14_27_15.cdf
677,Deep_learning_in_food/Hyperspectral_Image_data/GrainClassData_Aug2020/Training/Wheat_H4/Dense_Series2_20_09_07_14_27_15.jpg
678,Deep_learning_in_food/Hyperspectral_Image_data/GrainClassData_Aug2020/Training/Wheat_H4/Dense_Series2_20_09_07_14_27_52.cdf
679,Deep_learning_in_food/Hyperspectral_Image_data/GrainClassData_Aug2020/Training/Wheat_H4/Dense_Series2_20_09_07_14_27_52.jpg
680,Deep_learning_in_food/Hyperspectral_Image_data/GrainClassData_Aug2020/Training/Wheat_H4/Sparse_series1_20_08_20_13_28_19.cdf
681,Deep_learning_in_food/Hyperspectral_Image_data/GrainClassData_Aug2020/Training/Wheat_H4/Sparse_series1_20_08_20_13_28_19.jpg
682,Deep_learning_in_food/Hyperspectral_Image_data/GrainClassData_Aug2020/Training/Wheat_H4/Sparse_series1_20_08_20_13_29_00.cdf
683,Deep_learning_in_food/Hyperspectral_Image_data/GrainClassData_Aug2020/Training/Wheat_H4/Sparse_series1_20_08_20_13_29_00.jpg
684,Deep_learning_in_food/Hyperspectral_Image_data/GrainClassData_Aug2020/Training/Wheat_H4/Sparse_series1_20_08_20_13_29_36.cdf
685,Deep_learning_in_food/Hyperspectral_Image_data/GrainClassData_Aug2020/Training/Wheat_H4/Sparse_series1_20_08_20_13_29_36.jpg
686,Deep_learning_in_food/Hyperspectral_Image_data/GrainClassData_Aug2020/Training/Wheat_H4/Sparse_series1_20_08_20_13_30_35.cdf
687,Deep_learning_in_food/Hyperspectral_Image_data/GrainClassData_Aug2020/Training/Wheat_H4/Sparse_series1_20_08_20_13_30_35.jpg
688,Deep_learning_in_food/Hyperspectral_Image_data/GrainClassData_Aug2020/Training/Wheat_H4/Sparse_series1_20_08_20_13_31_08.cdf
689,Deep_learning_in_food/Hyperspectral_Image_data/GrainClassData_Aug2020/Training/Wheat_H4/Sparse_series1_20_08_20_13_31_08.jpg
690,Deep_learning_in_food/Hyperspectral_Image_data/GrainClassData_Aug2020/Training/Wheat_H4/Sparse_series1_20_08_20_13_31_46.cdf
691,Deep_learning_in_food/Hyperspectral_Image_data/GrainClassData_Aug2020/Training/Wheat_H4/Sparse_series1_20_08_20_13_31_46.jpg
692,Deep_learning_in_food/Hyperspectral_Image_data/GrainClassData_Aug2020/Training/Wheat_H4/Sparse_Series1_20_09_07_14_28_58.cdf
693,Deep_learning_in_food/Hyperspectral_Image_data/GrainClassData_Aug2020/Training/Wheat_H4/Sparse_Series1_20_09_07_14_28_58.jpg
694,Deep_learning_in_food/Hyperspectral_Image_data/GrainClassData_Aug2020/Training/Wheat_H4/Sparse_Series1_20_09_07_14_29_29.cdf
695,Deep_learning_in_food/Hyperspectral_Image_data/GrainClassData_Aug2020/Training/Wheat_H4/Sparse_Series1_20_09_07_14_29_29.jpg
696,Deep_learning_in_food/Hyperspectral_Image_data/GrainClassData_Aug2020/Training/Wheat_H4/Sparse_Series1_20_09_07_14_30_02.cdf
697,Deep_learning_in_food/Hyperspectral_Image_data/GrainClassData_Aug2020/Training/Wheat_H4/Sparse_Series1_20_09_07_14_30_02.jpg
698,Deep_learning_in_food/Hyperspectral_Image_data/GrainClassData_Aug2020/Training/Wheat_H4/Sparse_Series1_20_09_07_14_30_45.cdf
699,Deep_learning_in_food/Hyperspectral_Image_data/GrainClassData_Aug2020/Training/Wheat_H4/Sparse_Series1_20_09_07_14_30_45.jpg
700,Deep_learning_in_food/Hyperspectral_Image_data/GrainClassData_Aug2020/Training/Wheat_H4/Sparse_Series1_20_09_07_14_31_32.cdf
701,Deep_learning_in_food/Hyperspectral_Image_data/GrainClassData_Aug2020/Training/Wheat_H4/Sparse_Series1_20_09_07_14_31_32.jpg
702,Deep_learning_in_food/Hyperspectral_Image_data/GrainClassData_Aug2020/Training/Wheat_H4/Sparse_Series1_20_09_07_14_32_08.cdf
703,Deep_learning_in_food/Hyperspectral_Image_data/GrainClassData_Aug2020/Training/Wheat_H4/Sparse_Series1_20_09_07_14_32_08.jpg
704,Deep_learning_in_food/Hyperspectral_Image_data/GrainClassData_Aug2020/Training/Wheat_H4/WHITEDense_series1_20_08_20_13_20_49.jpg
705,Deep_learning_in_food/Hyperspectral_Image_data/GrainClassData_Aug2020/Training/Wheat_H4/WHITEDense_series1_20_08_20_13_20_49.npy
706,Deep_learning_in_food/Hyperspectral_Image_data/GrainClassData_Aug2020/Training/Wheat_H4/WHITEDense_series1_20_08_20_13_21_36.jpg
707,Deep_learning_in_food/Hyperspectral_Image_data/GrainClassData_Aug2020/Training/Wheat_H4/WHITEDense_series1_20_08_20_13_21_36.npy
708,Deep_learning_in_food/Hyperspectral_Image_data/GrainClassData_Aug2020/Training/Wheat_H4/WHITEDense_series1_20_08_20_13_22_23.jpg
709,Deep_learning_in_food/Hyperspectral_Image_data/GrainClassData_Aug2020/Training/Wheat_H4/WHITEDense_series1_20_08_20_13_22_23.npy
710,Deep_learning_in_food/Hyperspectral_Image_data/GrainClassData_Aug2020/Training/Wheat_H4/WHITEDense_series1_20_08_20_13_22_55.jpg
711,Deep_learning_in_food/Hyperspectral_Image_data/GrainClassData_Aug2020/Training/Wheat_H4/WHITEDense_series1_20_08_20_13_22_55.npy
712,Deep_learning_in_food/Hyperspectral_Image_data/GrainClassData_Aug2020/Training/Wheat_H4/WHITEDense_series1_20_08_20_13_23_26.jpg
713,Deep_learning_in_food/Hyperspectral_Image_data/GrainClassData_Aug2020/Training/Wheat_H4/WHITEDense_series1_20_08_20_13_23_26.npy
714,Deep_learning_in_food/Hyperspectral_Image_data/GrainClassData_Aug2020/Training/Wheat_H4/WHITEDense_series1_20_08_20_13_24_26.jpg
715,Deep_learning_in_food/Hyperspectral_Image_data/GrainClassData_Aug2020/Training/Wheat_H4/WHITEDense_series1_20_08_20_13_24_26.npy
716,Deep_learning_in_food/Hyperspectral_Image_data/GrainClassData_Aug2020/Training/Wheat_H4/WHITEDense_series1_20_08_20_13_25_37.jpg
717,Deep_learning_in_food/Hyperspectral_Image_data/GrainClassData_Aug2020/Training/Wheat_H4/WHITEDense_series1_20_08_20_13_25_37.npy
718,Deep_learning_in_food/Hyperspectral_Image_data/GrainClassData_Aug2020/Training/Wheat_H4/WHITEDense_Series1_20_09_07_14_08_15.jpg
719,Deep_learning_in_food/Hyperspectral_Image_data/GrainClassData_Aug2020/Training/Wheat_H4/WHITEDense_Series1_20_09_07_14_08_15.npy
720,Deep_learning_in_food/Hyperspectral_Image_data/GrainClassData_Aug2020/Training/Wheat_H4/WHITEDense_Series1_20_09_07_14_09_13.jpg
721,Deep_learning_in_food/Hyperspectral_Image_data/GrainClassData_Aug2020/Training/Wheat_H4/WHITEDense_Series1_20_09_07_14_09_13.npy
722,Deep_learning_in_food/Hyperspectral_Image_data/GrainClassData_Aug2020/Training/Wheat_H4/WHITEDense_Series1_20_09_07_14_12_59.jpg
723,Deep_learning_in_food/Hyperspectral_Image_data/GrainClassData_Aug2020/Training/Wheat_H4/WHITEDense_Series1_20_09_07_14_12_59.npy
724,Deep_learning_in_food/Hyperspectral_Image_data/GrainClassData_Aug2020/Training/Wheat_H4/WHITEDense_Series1_20_09_07_14_13_39.jpg
725,Deep_learning_in_food/Hyperspectral_Image_data/GrainClassData_Aug2020/Training/Wheat_H4/WHITEDense_Series1_20_09_07_14_13_39.npy
726,Deep_learning_in_food/Hyperspectral_Image_data/GrainClassData_Aug2020/Training/Wheat_H4/WHITEDense_Series1_20_09_07_14_14_17.jpg
727,Deep_learning_in_food/Hyperspectral_Image_data/GrainClassData_Aug2020/Training/Wheat_H4/WHITEDense_Series1_20_09_07_14_14_17.npy
728,Deep_learning_in_food/Hyperspectral_Image_data/GrainClassData_Aug2020/Training/Wheat_H4/WHITEDense_Series1_20_09_07_14_15_41.jpg
729,Deep_learning_in_food/Hyperspectral_Image_data/GrainClassData_Aug2020/Training/Wheat_H4/WHITEDense_Series1_20_09_07_14_15_41.npy
730,Deep_learning_in_food/Hyperspectral_Image_data/GrainClassData_Aug2020/Training/Wheat_H4/WHITEDense_series2_20_08_20_13_26_20.jpg
731,Deep_learning_in_food/Hyperspectral_Image_data/GrainClassData_Aug2020/Training/Wheat_H4/WHITEDense_series2_20_08_20_13_26_20.npy
732,Deep_learning_in_food/Hyperspectral_Image_data/GrainClassData_Aug2020/Training/Wheat_H4/WHITEDense_series2_20_08_20_13_27_03.jpg
733,Deep_learning_in_food/Hyperspectral_Image_data/GrainClassData_Aug2020/Training/Wheat_H4/WHITEDense_series2_20_08_20_13_27_03.npy
734,Deep_learning_in_food/Hyperspectral_Image_data/GrainClassData_Aug2020/Training/Wheat_H4/WHITEDense_series2_20_08_20_13_27_35.jpg
735,Deep_learning_in_food/Hyperspectral_Image_data/GrainClassData_Aug2020/Training/Wheat_H4/WHITEDense_series2_20_08_20_13_27_35.npy
736,Deep_learning_in_food/Hyperspectral_Image_data/GrainClassData_Aug2020/Training/Wheat_H4/WHITEDense_Series2_20_09_07_14_21_16.jpg
737,Deep_learning_in_food/Hyperspectral_Image_data/GrainClassData_Aug2020/Training/Wheat_H4/WHITEDense_Series2_20_09_07_14_21_16.npy
738,Deep_learning_in_food/Hyperspectral_Image_data/GrainClassData_Aug2020/Training/Wheat_H4/WHITEDense_Series2_20_09_07_14_25_12.jpg
739,Deep_learning_in_food/Hyperspectral_Image_data/GrainClassData_Aug2020/Training/Wheat_H4/WHITEDense_Series2_20_09_07_14_25_12.npy
740,Deep_learning_in_food/Hyperspectral_Image_data/GrainClassData_Aug2020/Training/Wheat_H4/WHITEDense_Series2_20_09_07_14_27_15.jpg
741,Deep_learning_in_food/Hyperspectral_Image_data/GrainClassData_Aug2020/Training/Wheat_H4/WHITEDense_Series2_20_09_07_14_27_15.npy
742,Deep_learning_in_food/Hyperspectral_Image_data/GrainClassData_Aug2020/Training/Wheat_H4/WHITEDense_Series2_20_09_07_14_27_52.jpg
743,Deep_learning_in_food/Hyperspectral_Image_data/GrainClassData_Aug2020/Training/Wheat_H4/WHITEDense_Series2_20_09_07_14_27_52.npy
744,Deep_learning_in_food/Hyperspectral_Image_data/GrainClassData_Aug2020/Training/Wheat_H4/WHITESparse_series1_20_08_20_13_28_19.jpg
745,Deep_learning_in_food/Hyperspectral_Image_data/GrainClassData_Aug2020/Training/Wheat_H4/WHITESparse_series1_20_08_20_13_28_19.npy
746,Deep_learning_in_food/Hyperspectral_Image_data/GrainClassData_Aug2020/Training/Wheat_H4/WHITESparse_series1_20_08_20_13_29_00.jpg
747,Deep_learning_in_food/Hyperspectral_Image_data/GrainClassData_Aug2020/Training/Wheat_H4/WHITESparse_series1_20_08_20_13_29_00.npy
748,Deep_learning_in_food/Hyperspectral_Image_data/GrainClassData_Aug2020/Training/Wheat_H4/WHITESparse_series1_20_08_20_13_29_36.jpg
749,Deep_learning_in_food/Hyperspectral_Image_data/GrainClassData_Aug2020/Training/Wheat_H4/WHITESparse_series1_20_08_20_13_29_36.npy
750,Deep_learning_in_food/Hyperspectral_Image_data/GrainClassData_Aug2020/Training/Wheat_H4/WHITESparse_series1_20_08_20_13_30_35.jpg
751,Deep_learning_in_food/Hyperspectral_Image_data/GrainClassData_Aug2020/Training/Wheat_H4/WHITESparse_series1_20_08_20_13_30_35.npy
752,Deep_learning_in_food/Hyperspectral_Image_data/GrainClassData_Aug2020/Training/Wheat_H4/WHITESparse_series1_20_08_20_13_31_08.jpg
753,Deep_learning_in_food/Hyperspectral_Image_data/GrainClassData_Aug2020/Training/Wheat_H4/WHITESparse_series1_20_08_20_13_31_08.npy
754,Deep_learning_in_food/Hyperspectral_Image_data/GrainClassData_Aug2020/Training/Wheat_H4/WHITESparse_series1_20_08_20_13_31_46.jpg
755,Deep_learning_in_food/Hyperspectral_Image_data/GrainClassData_Aug2020/Training/Wheat_H4/WHITESparse_series1_20_08_20_13_31_46.npy
756,Deep_learning_in_food/Hyperspectral_Image_data/GrainClassData_Aug2020/Training/Wheat_H4/WHITESparse_Series1_20_09_07_14_28_58.jpg
757,Deep_learning_in_food/Hyperspectral_Image_data/GrainClassData_Aug2020/Training/Wheat_H4/WHITESparse_Series1_20_09_07_14_28_58.npy
758,Deep_learning_in_food/Hyperspectral_Image_data/GrainClassData_Aug2020/Training/Wheat_H4/WHITESparse_Series1_20_09_07_14_29_29.jpg
759,Deep_learning_in_food/Hyperspectral_Image_data/GrainClassData_Aug2020/Training/Wheat_H4/WHITESparse_Series1_20_09_07_14_29_29.npy
760,Deep_learning_in_food/Hyperspectral_Image_data/GrainClassData_Aug2020/Training/Wheat_H4/WHITESparse_Series1_20_09_07_14_30_02.jpg
761,Deep_learning_in_food/Hyperspectral_Image_data/GrainClassData_Aug2020/Training/Wheat_H4/WHITESparse_Series1_20_09_07_14_30_02.npy
762,Deep_learning_in_food/Hyperspectral_Image_data/GrainClassData_Aug2020/Training/Wheat_H4/WHITESparse_Series1_20_09_07_14_30_45.jpg
763,Deep_learning_in_food/Hyperspectral_Image_data/GrainClassData_Aug2020/Training/Wheat_H4/WHITESparse_Series1_20_09_07_14_30_45.npy
764,Deep_learning_in_food/Hyperspectral_Image_data/GrainClassData_Aug2020/Training/Wheat_H4/WHITESparse_Series1_20_09_07_14_31_32.jpg
765,Deep_learning_in_food/Hyperspectral_Image_data/GrainClassData_Aug2020/Training/Wheat_H4/WHITESparse_Series1_20_09_07_14_31_32.npy
766,Deep_learning_in_food/Hyperspectral_Image_data/GrainClassData_Aug2020/Training/Wheat_H4/WHITESparse_Series1_20_09_07_14_32_08.jpg
767,Deep_learning_in_food/Hyperspectral_Image_data/GrainClassData_Aug2020/Training/Wheat_H4/WHITESparse_Series1_20_09_07_14_32_08.npy
768,Deep_learning_in_food/Hyperspectral_Image_data/GrainClassData_Aug2020/Training/Wheat_H5/Dense_series1_20_08_20_13_07_52.cdf
769,Deep_learning_in_food/Hyperspectral_Image_data/GrainClassData_Aug2020/Training/Wheat_H5/Dense_series1_20_08_20_13_07_52.jpg
770,Deep_learning_in_food/Hyperspectral_Image_data/GrainClassData_Aug2020/Training/Wheat_H5/Dense_series1_20_08_20_13_09_06.cdf
771,Deep_learning_in_food/Hyperspectral_Image_data/GrainClassData_Aug2020/Training/Wheat_H5/Dense_series1_20_08_20_13_09_06.jpg
772,Deep_learning_in_food/Hyperspectral_Image_data/GrainClassData_Aug2020/Training/Wheat_H5/Dense_series1_20_08_20_13_09_48.cdf
773,Deep_learning_in_food/Hyperspectral_Image_data/GrainClassData_Aug2020/Training/Wheat_H5/Dense_series1_20_08_20_13_09_48.jpg
774,Deep_learning_in_food/Hyperspectral_Image_data/GrainClassData_Aug2020/Training/Wheat_H5/Dense_series1_20_08_20_13_10_21.cdf
775,Deep_learning_in_food/Hyperspectral_Image_data/GrainClassData_Aug2020/Training/Wheat_H5/Dense_series1_20_08_20_13_10_21.jpg
776,Deep_learning_in_food/Hyperspectral_Image_data/GrainClassData_Aug2020/Training/Wheat_H5/Dense_Series1_20_09_07_15_48_36.cdf
777,Deep_learning_in_food/Hyperspectral_Image_data/GrainClassData_Aug2020/Training/Wheat_H5/Dense_Series1_20_09_07_15_48_36.jpg
778,Deep_learning_in_food/Hyperspectral_Image_data/GrainClassData_Aug2020/Training/Wheat_H5/Dense_Series1_20_09_07_15_49_13.cdf
779,Deep_learning_in_food/Hyperspectral_Image_data/GrainClassData_Aug2020/Training/Wheat_H5/Dense_Series1_20_09_07_15_49_13.jpg
780,Deep_learning_in_food/Hyperspectral_Image_data/GrainClassData_Aug2020/Training/Wheat_H5/Dense_Series1_20_09_07_15_49_51.cdf
781,Deep_learning_in_food/Hyperspectral_Image_data/GrainClassData_Aug2020/Training/Wheat_H5/Dense_Series1_20_09_07_15_49_51.jpg
782,Deep_learning_in_food/Hyperspectral_Image_data/GrainClassData_Aug2020/Training/Wheat_H5/Dense_Series1_20_09_07_15_50_32.cdf
783,Deep_learning_in_food/Hyperspectral_Image_data/GrainClassData_Aug2020/Training/Wheat_H5/Dense_Series1_20_09_07_15_50_32.jpg
784,Deep_learning_in_food/Hyperspectral_Image_data/GrainClassData_Aug2020/Training/Wheat_H5/Dense_series2_20_08_20_13_11_05.cdf
785,Deep_learning_in_food/Hyperspectral_Image_data/GrainClassData_Aug2020/Training/Wheat_H5/Dense_series2_20_08_20_13_11_05.jpg
786,Deep_learning_in_food/Hyperspectral_Image_data/GrainClassData_Aug2020/Training/Wheat_H5/Dense_series2_20_08_20_13_11_38.cdf
787,Deep_learning_in_food/Hyperspectral_Image_data/GrainClassData_Aug2020/Training/Wheat_H5/Dense_series2_20_08_20_13_11_38.jpg
788,Deep_learning_in_food/Hyperspectral_Image_data/GrainClassData_Aug2020/Training/Wheat_H5/Dense_series2_20_08_20_13_12_11.cdf
789,Deep_learning_in_food/Hyperspectral_Image_data/GrainClassData_Aug2020/Training/Wheat_H5/Dense_series2_20_08_20_13_12_11.jpg
790,Deep_learning_in_food/Hyperspectral_Image_data/GrainClassData_Aug2020/Training/Wheat_H5/Dense_series2_20_08_20_13_12_43.cdf
791,Deep_learning_in_food/Hyperspectral_Image_data/GrainClassData_Aug2020/Training/Wheat_H5/Dense_series2_20_08_20_13_12_43.jpg
792,Deep_learning_in_food/Hyperspectral_Image_data/GrainClassData_Aug2020/Training/Wheat_H5/Dense_series2_20_08_20_13_13_28.cdf
793,Deep_learning_in_food/Hyperspectral_Image_data/GrainClassData_Aug2020/Training/Wheat_H5/Dense_series2_20_08_20_13_13_28.jpg
794,Deep_learning_in_food/Hyperspectral_Image_data/GrainClassData_Aug2020/Training/Wheat_H5/Dense_Series2_20_09_07_15_51_27.cdf
795,Deep_learning_in_food/Hyperspectral_Image_data/GrainClassData_Aug2020/Training/Wheat_H5/Dense_Series2_20_09_07_15_51_27.jpg
796,Deep_learning_in_food/Hyperspectral_Image_data/GrainClassData_Aug2020/Training/Wheat_H5/Dense_Series2_20_09_07_15_52_03.cdf
797,Deep_learning_in_food/Hyperspectral_Image_data/GrainClassData_Aug2020/Training/Wheat_H5/Dense_Series2_20_09_07_15_52_03.jpg
798,Deep_learning_in_food/Hyperspectral_Image_data/GrainClassData_Aug2020/Training/Wheat_H5/Dense_Series2_20_09_07_15_52_36.cdf
799,Deep_learning_in_food/Hyperspectral_Image_data/GrainClassData_Aug2020/Training/Wheat_H5/Dense_Series2_20_09_07_15_52_36.jpg
800,Deep_learning_in_food/Hyperspectral_Image_data/GrainClassData_Aug2020/Training/Wheat_H5/Dense_Series2_20_09_07_15_53_08.cdf
801,Deep_learning_in_food/Hyperspectral_Image_data/GrainClassData_Aug2020/Training/Wheat_H5/Dense_Series2_20_09_07_15_53_08.jpg
802,Deep_learning_in_food/Hyperspectral_Image_data/GrainClassData_Aug2020/Training/Wheat_H5/Dense_series3_20_08_20_13_14_11.cdf
803,Deep_learning_in_food/Hyperspectral_Image_data/GrainClassData_Aug2020/Training/Wheat_H5/Dense_series3_20_08_20_13_14_11.jpg
804,Deep_learning_in_food/Hyperspectral_Image_data/GrainClassData_Aug2020/Training/Wheat_H5/Dense_Series3_20_09_07_15_53_58.cdf
805,Deep_learning_in_food/Hyperspectral_Image_data/GrainClassData_Aug2020/Training/Wheat_H5/Dense_Series3_20_09_07_15_53_58.jpg
806,Deep_learning_in_food/Hyperspectral_Image_data/GrainClassData_Aug2020/Training/Wheat_H5/Dense_Series3_20_09_07_15_54_27.cdf
807,Deep_learning_in_food/Hyperspectral_Image_data/GrainClassData_Aug2020/Training/Wheat_H5/Dense_Series3_20_09_07_15_54_27.jpg
808,Deep_learning_in_food/Hyperspectral_Image_data/GrainClassData_Aug2020/Training/Wheat_H5/Sparse_series1_20_08_20_13_15_03.cdf
809,Deep_learning_in_food/Hyperspectral_Image_data/GrainClassData_Aug2020/Training/Wheat_H5/Sparse_series1_20_08_20_13_15_03.jpg
810,Deep_learning_in_food/Hyperspectral_Image_data/GrainClassData_Aug2020/Training/Wheat_H5/Sparse_series1_20_08_20_13_16_03.cdf
811,Deep_learning_in_food/Hyperspectral_Image_data/GrainClassData_Aug2020/Training/Wheat_H5/Sparse_series1_20_08_20_13_16_03.jpg
812,Deep_learning_in_food/Hyperspectral_Image_data/GrainClassData_Aug2020/Training/Wheat_H5/Sparse_series1_20_08_20_13_17_05.cdf
813,Deep_learning_in_food/Hyperspectral_Image_data/GrainClassData_Aug2020/Training/Wheat_H5/Sparse_series1_20_08_20_13_17_05.jpg
814,Deep_learning_in_food/Hyperspectral_Image_data/GrainClassData_Aug2020/Training/Wheat_H5/Sparse_series1_20_08_20_13_18_11.cdf
815,Deep_learning_in_food/Hyperspectral_Image_data/GrainClassData_Aug2020/Training/Wheat_H5/Sparse_series1_20_08_20_13_18_11.jpg
816,Deep_learning_in_food/Hyperspectral_Image_data/GrainClassData_Aug2020/Training/Wheat_H5/Sparse_series1_20_08_20_13_18_46.cdf
817,Deep_learning_in_food/Hyperspectral_Image_data/GrainClassData_Aug2020/Training/Wheat_H5/Sparse_series1_20_08_20_13_18_46.jpg
818,Deep_learning_in_food/Hyperspectral_Image_data/GrainClassData_Aug2020/Training/Wheat_H5/Sparse_series1_20_08_20_13_19_26.cdf
819,Deep_learning_in_food/Hyperspectral_Image_data/GrainClassData_Aug2020/Training/Wheat_H5/Sparse_series1_20_08_20_13_19_26.jpg
820,Deep_learning_in_food/Hyperspectral_Image_data/GrainClassData_Aug2020/Training/Wheat_H5/Sparse_Series1_20_09_07_15_55_12.cdf
821,Deep_learning_in_food/Hyperspectral_Image_data/GrainClassData_Aug2020/Training/Wheat_H5/Sparse_Series1_20_09_07_15_55_12.jpg
822,Deep_learning_in_food/Hyperspectral_Image_data/GrainClassData_Aug2020/Training/Wheat_H5/Sparse_Series1_20_09_07_15_55_46.cdf
823,Deep_learning_in_food/Hyperspectral_Image_data/GrainClassData_Aug2020/Training/Wheat_H5/Sparse_Series1_20_09_07_15_55_46.jpg
824,Deep_learning_in_food/Hyperspectral_Image_data/GrainClassData_Aug2020/Training/Wheat_H5/Sparse_Series1_20_09_07_15_56_19.cdf
825,Deep_learning_in_food/Hyperspectral_Image_data/GrainClassData_Aug2020/Training/Wheat_H5/Sparse_Series1_20_09_07_15_56_19.jpg
826,Deep_learning_in_food/Hyperspectral_Image_data/GrainClassData_Aug2020/Training/Wheat_H5/Sparse_Series1_20_09_07_15_56_49.cdf
827,Deep_learning_in_food/Hyperspectral_Image_data/GrainClassData_Aug2020/Training/Wheat_H5/Sparse_Series1_20_09_07_15_56_49.jpg
828,Deep_learning_in_food/Hyperspectral_Image_data/GrainClassData_Aug2020/Training/Wheat_H5/Sparse_Series1_20_09_07_15_57_48.cdf
829,Deep_learning_in_food/Hyperspectral_Image_data/GrainClassData_Aug2020/Training/Wheat_H5/Sparse_Series1_20_09_07_15_57_48.jpg
830,Deep_learning_in_food/Hyperspectral_Image_data/GrainClassData_Aug2020/Training/Wheat_H5/Sparse_Series1_20_09_07_16_02_07.cdf
831,Deep_learning_in_food/Hyperspectral_Image_data/GrainClassData_Aug2020/Training/Wheat_H5/Sparse_Series1_20_09_07_16_02_07.jpg
832,Deep_learning_in_food/Hyperspectral_Image_data/GrainClassData_Aug2020/Training/Wheat_H5/WHITEDense_series1_20_08_20_13_07_52.jpg
833,Deep_learning_in_food/Hyperspectral_Image_data/GrainClassData_Aug2020/Training/Wheat_H5/WHITEDense_series1_20_08_20_13_07_52.npy
834,Deep_learning_in_food/Hyperspectral_Image_data/GrainClassData_Aug2020/Training/Wheat_H5/WHITEDense_series1_20_08_20_13_09_06.jpg
835,Deep_learning_in_food/Hyperspectral_Image_data/GrainClassData_Aug2020/Training/Wheat_H5/WHITEDense_series1_20_08_20_13_09_06.npy
836,Deep_learning_in_food/Hyperspectral_Image_data/GrainClassData_Aug2020/Training/Wheat_H5/WHITEDense_series1_20_08_20_13_09_48.jpg
837,Deep_learning_in_food/Hyperspectral_Image_data/GrainClassData_Aug2020/Training/Wheat_H5/WHITEDense_series1_20_08_20_13_09_48.npy
838,Deep_learning_in_food/Hyperspectral_Image_data/GrainClassData_Aug2020/Training/Wheat_H5/WHITEDense_series1_20_08_20_13_10_21.jpg
839,Deep_learning_in_food/Hyperspectral_Image_data/GrainClassData_Aug2020/Training/Wheat_H5/WHITEDense_series1_20_08_20_13_10_21.npy
840,Deep_learning_in_food/Hyperspectral_Image_data/GrainClassData_Aug2020/Training/Wheat_H5/WHITEDense_Series1_20_09_07_15_48_36.jpg
841,Deep_learning_in_food/Hyperspectral_Image_data/GrainClassData_Aug2020/Training/Wheat_H5/WHITEDense_Series1_20_09_07_15_48_36.npy
842,Deep_learning_in_food/Hyperspectral_Image_data/GrainClassData_Aug2020/Training/Wheat_H5/WHITEDense_Series1_20_09_07_15_49_13.jpg
843,Deep_learning_in_food/Hyperspectral_Image_data/GrainClassData_Aug2020/Training/Wheat_H5/WHITEDense_Series1_20_09_07_15_49_13.npy
844,Deep_learning_in_food/Hyperspectral_Image_data/GrainClassData_Aug2020/Training/Wheat_H5/WHITEDense_Series1_20_09_07_15_49_51.jpg
845,Deep_learning_in_food/Hyperspectral_Image_data/GrainClassData_Aug2020/Training/Wheat_H5/WHITEDense_Series1_20_09_07_15_49_51.npy
846,Deep_learning_in_food/Hyperspectral_Image_data/GrainClassData_Aug2020/Training/Wheat_H5/WHITEDense_Series1_20_09_07_15_50_32.jpg
847,Deep_learning_in_food/Hyperspectral_Image_data/GrainClassData_Aug2020/Training/Wheat_H5/WHITEDense_Series1_20_09_07_15_50_32.npy
848,Deep_learning_in_food/Hyperspectral_Image_data/GrainClassData_Aug2020/Training/Wheat_H5/WHITEDense_series2_20_08_20_13_11_05.jpg
849,Deep_learning_in_food/Hyperspectral_Image_data/GrainClassData_Aug2020/Training/Wheat_H5/WHITEDense_series2_20_08_20_13_11_05.npy
850,Deep_learning_in_food/Hyperspectral_Image_data/GrainClassData_Aug2020/Training/Wheat_H5/WHITEDense_series2_20_08_20_13_11_38.jpg
851,Deep_learning_in_food/Hyperspectral_Image_data/GrainClassData_Aug2020/Training/Wheat_H5/WHITEDense_series2_20_08_20_13_11_38.npy
852,Deep_learning_in_food/Hyperspectral_Image_data/GrainClassData_Aug2020/Training/Wheat_H5/WHITEDense_series2_20_08_20_13_12_11.jpg
853,Deep_learning_in_food/Hyperspectral_Image_data/GrainClassData_Aug2020/Training/Wheat_H5/WHITEDense_series2_20_08_20_13_12_11.npy
854,Deep_learning_in_food/Hyperspectral_Image_data/GrainClassData_Aug2020/Training/Wheat_H5/WHITEDense_series2_20_08_20_13_12_43.jpg
855,Deep_learning_in_food/Hyperspectral_Image_data/GrainClassData_Aug2020/Training/Wheat_H5/WHITEDense_series2_20_08_20_13_12_43.npy
856,Deep_learning_in_food/Hyperspectral_Image_data/GrainClassData_Aug2020/Training/Wheat_H5/WHITEDense_series2_20_08_20_13_13_28.jpg
857,Deep_learning_in_food/Hyperspectral_Image_data/GrainClassData_Aug2020/Training/Wheat_H5/WHITEDense_series2_20_08_20_13_13_28.npy
858,Deep_learning_in_food/Hyperspectral_Image_data/GrainClassData_Aug2020/Training/Wheat_H5/WHITEDense_Series2_20_09_07_15_51_27.jpg
859,Deep_learning_in_food/Hyperspectral_Image_data/GrainClassData_Aug2020/Training/Wheat_H5/WHITEDense_Series2_20_09_07_15_51_27.npy
860,Deep_learning_in_food/Hyperspectral_Image_data/GrainClassData_Aug2020/Training/Wheat_H5/WHITEDense_Series2_20_09_07_15_52_03.jpg
861,Deep_learning_in_food/Hyperspectral_Image_data/GrainClassData_Aug2020/Training/Wheat_H5/WHITEDense_Series2_20_09_07_15_52_03.npy
862,Deep_learning_in_food/Hyperspectral_Image_data/GrainClassData_Aug2020/Training/Wheat_H5/WHITEDense_Series2_20_09_07_15_52_36.jpg
863,Deep_learning_in_food/Hyperspectral_Image_data/GrainClassData_Aug2020/Training/Wheat_H5/WHITEDense_Series2_20_09_07_15_52_36.npy
864,Deep_learning_in_food/Hyperspectral_Image_data/GrainClassData_Aug2020/Training/Wheat_H5/WHITEDense_Series2_20_09_07_15_53_08.jpg
865,Deep_learning_in_food/Hyperspectral_Image_data/GrainClassData_Aug2020/Training/Wheat_H5/WHITEDense_Series2_20_09_07_15_53_08.npy
866,Deep_learning_in_food/Hyperspectral_Image_data/GrainClassData_Aug2020/Training/Wheat_H5/WHITEDense_series3_20_08_20_13_14_11.jpg
867,Deep_learning_in_food/Hyperspectral_Image_data/GrainClassData_Aug2020/Training/Wheat_H5/WHITEDense_series3_20_08_20_13_14_11.npy
868,Deep_learning_in_food/Hyperspectral_Image_data/GrainClassData_Aug2020/Training/Wheat_H5/WHITEDense_Series3_20_09_07_15_53_58.jpg
869,Deep_learning_in_food/Hyperspectral_Image_data/GrainClassData_Aug2020/Training/Wheat_H5/WHITEDense_Series3_20_09_07_15_53_58.npy
870,Deep_learning_in_food/Hyperspectral_Image_data/GrainClassData_Aug2020/Training/Wheat_H5/WHITEDense_Series3_20_09_07_15_54_27.jpg
871,Deep_learning_in_food/Hyperspectral_Image_data/GrainClassData_Aug2020/Training/Wheat_H5/WHITEDense_Series3_20_09_07_15_54_27.npy
872,Deep_learning_in_food/Hyperspectral_Image_data/GrainClassData_Aug2020/Training/Wheat_H5/WHITESparse_series1_20_08_20_13_15_03.jpg
873,Deep_learning_in_food/Hyperspectral_Image_data/GrainClassData_Aug2020/Training/Wheat_H5/WHITESparse_series1_20_08_20_13_15_03.npy
874,Deep_learning_in_food/Hyperspectral_Image_data/GrainClassData_Aug2020/Training/Wheat_H5/WHITESparse_series1_20_08_20_13_16_03.jpg
875,Deep_learning_in_food/Hyperspectral_Image_data/GrainClassData_Aug2020/Training/Wheat_H5/WHITESparse_series1_20_08_20_13_16_03.npy
876,Deep_learning_in_food/Hyperspectral_Image_data/GrainClassData_Aug2020/Training/Wheat_H5/WHITESparse_series1_20_08_20_13_17_05.jpg
877,Deep_learning_in_food/Hyperspectral_Image_data/GrainClassData_Aug2020/Training/Wheat_H5/WHITESparse_series1_20_08_20_13_17_05.npy
878,Deep_learning_in_food/Hyperspectral_Image_data/GrainClassData_Aug2020/Training/Wheat_H5/WHITESparse_series1_20_08_20_13_18_11.jpg
879,Deep_learning_in_food/Hyperspectral_Image_data/GrainClassData_Aug2020/Training/Wheat_H5/WHITESparse_series1_20_08_20_13_18_11.npy
880,Deep_learning_in_food/Hyperspectral_Image_data/GrainClassData_Aug2020/Training/Wheat_H5/WHITESparse_series1_20_08_20_13_18_46.jpg
881,Deep_learning_in_food/Hyperspectral_Image_data/GrainClassData_Aug2020/Training/Wheat_H5/WHITESparse_series1_20_08_20_13_18_46.npy
882,Deep_learning_in_food/Hyperspectral_Image_data/GrainClassData_Aug2020/Training/Wheat_H5/WHITESparse_series1_20_08_20_13_19_26.jpg
883,Deep_learning_in_food/Hyperspectral_Image_data/GrainClassData_Aug2020/Training/Wheat_H5/WHITESparse_series1_20_08_20_13_19_26.npy
884,Deep_learning_in_food/Hyperspectral_Image_data/GrainClassData_Aug2020/Training/Wheat_H5/WHITESparse_Series1_20_09_07_15_55_12.jpg
885,Deep_learning_in_food/Hyperspectral_Image_data/GrainClassData_Aug2020/Training/Wheat_H5/WHITESparse_Series1_20_09_07_15_55_12.npy
886,Deep_learning_in_food/Hyperspectral_Image_data/GrainClassData_Aug2020/Training/Wheat_H5/WHITESparse_Series1_20_09_07_15_55_46.jpg
887,Deep_learning_in_food/Hyperspectral_Image_data/GrainClassData_Aug2020/Training/Wheat_H5/WHITESparse_Series1_20_09_07_15_55_46.npy
888,Deep_learning_in_food/Hyperspectral_Image_data/GrainClassData_Aug2020/Training/Wheat_H5/WHITESparse_Series1_20_09_07_15_56_19.jpg
889,Deep_learning_in_food/Hyperspectral_Image_data/GrainClassData_Aug2020/Training/Wheat_H5/WHITESparse_Series1_20_09_07_15_56_19.npy
890,Deep_learning_in_food/Hyperspectral_Image_data/GrainClassData_Aug2020/Training/Wheat_H5/WHITESparse_Series1_20_09_07_15_56_49.jpg
891,Deep_learning_in_food/Hyperspectral_Image_data/GrainClassData_Aug2020/Training/Wheat_H5/WHITESparse_Series1_20_09_07_15_56_49.npy
892,Deep_learning_in_food/Hyperspectral_Image_data/GrainClassData_Aug2020/Training/Wheat_H5/WHITESparse_Series1_20_09_07_15_57_48.jpg
893,Deep_learning_in_food/Hyperspectral_Image_data/GrainClassData_Aug2020/Training/Wheat_H5/WHITESparse_Series1_20_09_07_15_57_48.npy
894,Deep_learning_in_food/Hyperspectral_Image_data/GrainClassData_Aug2020/Training/Wheat_H5/WHITESparse_Series1_20_09_07_16_02_07.jpg
895,Deep_learning_in_food/Hyperspectral_Image_data/GrainClassData_Aug2020/Training/Wheat_H5/WHITESparse_Series1_20_09_07_16_02_07.npy
896,Deep_learning_in_food/Hyperspectral_Image_data/GrainClassData_Aug2020/Training/Wheat_Halland/Dense_series1_20_08_20_12_42_03.cdf
897,Deep_learning_in_food/Hyperspectral_Image_data/GrainClassData_Aug2020/Training/Wheat_Halland/Dense_series1_20_08_20_12_42_03.jpg
898,Deep_learning_in_food/Hyperspectral_Image_data/GrainClassData_Aug2020/Training/Wheat_Halland/Dense_series1_20_08_20_12_42_50.cdf
899,Deep_learning_in_food/Hyperspectral_Image_data/GrainClassData_Aug2020/Training/Wheat_Halland/Dense_series1_20_08_20_12_42_50.jpg
900,Deep_learning_in_food/Hyperspectral_Image_data/GrainClassData_Aug2020/Training/Wheat_Halland/Dense_series1_20_08_20_12_43_29.cdf
901,Deep_learning_in_food/Hyperspectral_Image_data/GrainClassData_Aug2020/Training/Wheat_Halland/Dense_series1_20_08_20_12_43_29.jpg
902,Deep_learning_in_food/Hyperspectral_Image_data/GrainClassData_Aug2020/Training/Wheat_Halland/Dense_series1_20_08_20_12_44_02.cdf
903,Deep_learning_in_food/Hyperspectral_Image_data/GrainClassData_Aug2020/Training/Wheat_Halland/Dense_series1_20_08_20_12_44_02.jpg
904,Deep_learning_in_food/Hyperspectral_Image_data/GrainClassData_Aug2020/Training/Wheat_Halland/Dense_series1_20_08_20_12_44_54.cdf
905,Deep_learning_in_food/Hyperspectral_Image_data/GrainClassData_Aug2020/Training/Wheat_Halland/Dense_series1_20_08_20_12_44_54.jpg
906,Deep_learning_in_food/Hyperspectral_Image_data/GrainClassData_Aug2020/Training/Wheat_Halland/Dense_series1_20_08_20_12_45_34.cdf
907,Deep_learning_in_food/Hyperspectral_Image_data/GrainClassData_Aug2020/Training/Wheat_Halland/Dense_series1_20_08_20_12_45_34.jpg
908,Deep_learning_in_food/Hyperspectral_Image_data/GrainClassData_Aug2020/Training/Wheat_Halland/Dense_Series1_20_09_07_15_37_16.cdf
909,Deep_learning_in_food/Hyperspectral_Image_data/GrainClassData_Aug2020/Training/Wheat_Halland/Dense_Series1_20_09_07_15_37_16.jpg
910,Deep_learning_in_food/Hyperspectral_Image_data/GrainClassData_Aug2020/Training/Wheat_Halland/Dense_Series1_20_09_07_15_37_52.cdf
911,Deep_learning_in_food/Hyperspectral_Image_data/GrainClassData_Aug2020/Training/Wheat_Halland/Dense_Series1_20_09_07_15_37_52.jpg
912,Deep_learning_in_food/Hyperspectral_Image_data/GrainClassData_Aug2020/Training/Wheat_Halland/Dense_Series1_20_09_07_15_38_23.cdf
913,Deep_learning_in_food/Hyperspectral_Image_data/GrainClassData_Aug2020/Training/Wheat_Halland/Dense_Series1_20_09_07_15_38_23.jpg
914,Deep_learning_in_food/Hyperspectral_Image_data/GrainClassData_Aug2020/Training/Wheat_Halland/Dense_Series1_20_09_07_15_38_53.cdf
915,Deep_learning_in_food/Hyperspectral_Image_data/GrainClassData_Aug2020/Training/Wheat_Halland/Dense_Series1_20_09_07_15_38_53.jpg
916,Deep_learning_in_food/Hyperspectral_Image_data/GrainClassData_Aug2020/Training/Wheat_Halland/Dense_Series1_20_09_07_15_39_26.cdf
917,Deep_learning_in_food/Hyperspectral_Image_data/GrainClassData_Aug2020/Training/Wheat_Halland/Dense_Series1_20_09_07_15_39_26.jpg
918,Deep_learning_in_food/Hyperspectral_Image_data/GrainClassData_Aug2020/Training/Wheat_Halland/Dense_series2_20_08_20_12_46_27.cdf
919,Deep_learning_in_food/Hyperspectral_Image_data/GrainClassData_Aug2020/Training/Wheat_Halland/Dense_series2_20_08_20_12_46_27.jpg
920,Deep_learning_in_food/Hyperspectral_Image_data/GrainClassData_Aug2020/Training/Wheat_Halland/Dense_series2_20_08_20_12_47_06.cdf
921,Deep_learning_in_food/Hyperspectral_Image_data/GrainClassData_Aug2020/Training/Wheat_Halland/Dense_series2_20_08_20_12_47_06.jpg
922,Deep_learning_in_food/Hyperspectral_Image_data/GrainClassData_Aug2020/Training/Wheat_Halland/Dense_series2_20_08_20_12_47_43.cdf
923,Deep_learning_in_food/Hyperspectral_Image_data/GrainClassData_Aug2020/Training/Wheat_Halland/Dense_series2_20_08_20_12_47_43.jpg
924,Deep_learning_in_food/Hyperspectral_Image_data/GrainClassData_Aug2020/Training/Wheat_Halland/Dense_series2_20_08_20_12_48_20.cdf
925,Deep_learning_in_food/Hyperspectral_Image_data/GrainClassData_Aug2020/Training/Wheat_Halland/Dense_series2_20_08_20_12_48_20.jpg
926,Deep_learning_in_food/Hyperspectral_Image_data/GrainClassData_Aug2020/Training/Wheat_Halland/Dense_Series2_20_09_07_15_40_03.cdf
927,Deep_learning_in_food/Hyperspectral_Image_data/GrainClassData_Aug2020/Training/Wheat_Halland/Dense_Series2_20_09_07_15_40_03.jpg
928,Deep_learning_in_food/Hyperspectral_Image_data/GrainClassData_Aug2020/Training/Wheat_Halland/Dense_Series2_20_09_07_15_40_42.cdf
929,Deep_learning_in_food/Hyperspectral_Image_data/GrainClassData_Aug2020/Training/Wheat_Halland/Dense_Series2_20_09_07_15_40_42.jpg
930,Deep_learning_in_food/Hyperspectral_Image_data/GrainClassData_Aug2020/Training/Wheat_Halland/Dense_Series2_20_09_07_15_41_10.cdf
931,Deep_learning_in_food/Hyperspectral_Image_data/GrainClassData_Aug2020/Training/Wheat_Halland/Dense_Series2_20_09_07_15_41_10.jpg
932,Deep_learning_in_food/Hyperspectral_Image_data/GrainClassData_Aug2020/Training/Wheat_Halland/Dense_Series2_20_09_07_15_41_40.cdf
933,Deep_learning_in_food/Hyperspectral_Image_data/GrainClassData_Aug2020/Training/Wheat_Halland/Dense_Series2_20_09_07_15_41_40.jpg
934,Deep_learning_in_food/Hyperspectral_Image_data/GrainClassData_Aug2020/Training/Wheat_Halland/Dense_Series3_20_09_07_15_42_18.cdf
935,Deep_learning_in_food/Hyperspectral_Image_data/GrainClassData_Aug2020/Training/Wheat_Halland/Dense_Series3_20_09_07_15_42_18.jpg
936,Deep_learning_in_food/Hyperspectral_Image_data/GrainClassData_Aug2020/Training/Wheat_Halland/Sparse_series1_20_08_20_12_49_18.cdf
937,Deep_learning_in_food/Hyperspectral_Image_data/GrainClassData_Aug2020/Training/Wheat_Halland/Sparse_series1_20_08_20_12_49_18.jpg
938,Deep_learning_in_food/Hyperspectral_Image_data/GrainClassData_Aug2020/Training/Wheat_Halland/Sparse_series1_20_08_20_12_50_14.cdf
939,Deep_learning_in_food/Hyperspectral_Image_data/GrainClassData_Aug2020/Training/Wheat_Halland/Sparse_series1_20_08_20_12_50_14.jpg
940,Deep_learning_in_food/Hyperspectral_Image_data/GrainClassData_Aug2020/Training/Wheat_Halland/Sparse_series1_20_08_20_12_50_47.cdf
941,Deep_learning_in_food/Hyperspectral_Image_data/GrainClassData_Aug2020/Training/Wheat_Halland/Sparse_series1_20_08_20_12_50_47.jpg
942,Deep_learning_in_food/Hyperspectral_Image_data/GrainClassData_Aug2020/Training/Wheat_Halland/Sparse_series1_20_08_20_12_51_26.cdf
943,Deep_learning_in_food/Hyperspectral_Image_data/GrainClassData_Aug2020/Training/Wheat_Halland/Sparse_series1_20_08_20_12_51_26.jpg
944,Deep_learning_in_food/Hyperspectral_Image_data/GrainClassData_Aug2020/Training/Wheat_Halland/Sparse_series1_20_08_20_12_51_56.cdf
945,Deep_learning_in_food/Hyperspectral_Image_data/GrainClassData_Aug2020/Training/Wheat_Halland/Sparse_series1_20_08_20_12_51_56.jpg
946,Deep_learning_in_food/Hyperspectral_Image_data/GrainClassData_Aug2020/Training/Wheat_Halland/Sparse_series1_20_08_20_12_52_26.cdf
947,Deep_learning_in_food/Hyperspectral_Image_data/GrainClassData_Aug2020/Training/Wheat_Halland/Sparse_series1_20_08_20_12_52_26.jpg
948,Deep_learning_in_food/Hyperspectral_Image_data/GrainClassData_Aug2020/Training/Wheat_Halland/Sparse_Series1_20_09_07_15_43_14.cdf
949,Deep_learning_in_food/Hyperspectral_Image_data/GrainClassData_Aug2020/Training/Wheat_Halland/Sparse_Series1_20_09_07_15_43_14.jpg
950,Deep_learning_in_food/Hyperspectral_Image_data/GrainClassData_Aug2020/Training/Wheat_Halland/Sparse_Series1_20_09_07_15_43_44.cdf
951,Deep_learning_in_food/Hyperspectral_Image_data/GrainClassData_Aug2020/Training/Wheat_Halland/Sparse_Series1_20_09_07_15_43_44.jpg
952,Deep_learning_in_food/Hyperspectral_Image_data/GrainClassData_Aug2020/Training/Wheat_Halland/Sparse_Series1_20_09_07_15_44_14.cdf
953,Deep_learning_in_food/Hyperspectral_Image_data/GrainClassData_Aug2020/Training/Wheat_Halland/Sparse_Series1_20_09_07_15_44_14.jpg
954,Deep_learning_in_food/Hyperspectral_Image_data/GrainClassData_Aug2020/Training/Wheat_Halland/Sparse_Series1_20_09_07_15_44_51.cdf
955,Deep_learning_in_food/Hyperspectral_Image_data/GrainClassData_Aug2020/Training/Wheat_Halland/Sparse_Series1_20_09_07_15_44_51.jpg
956,Deep_learning_in_food/Hyperspectral_Image_data/GrainClassData_Aug2020/Training/Wheat_Halland/Sparse_Series1_20_09_07_15_45_21.cdf
957,Deep_learning_in_food/Hyperspectral_Image_data/GrainClassData_Aug2020/Training/Wheat_Halland/Sparse_Series1_20_09_07_15_45_21.jpg
958,Deep_learning_in_food/Hyperspectral_Image_data/GrainClassData_Aug2020/Training/Wheat_Halland/Sparse_Series1_20_09_07_15_45_54.cdf
959,Deep_learning_in_food/Hyperspectral_Image_data/GrainClassData_Aug2020/Training/Wheat_Halland/Sparse_Series1_20_09_07_15_45_54.jpg
960,Deep_learning_in_food/Hyperspectral_Image_data/GrainClassData_Aug2020/Training/Wheat_Halland/WHITEDense_series1_20_08_20_12_42_03.jpg
961,Deep_learning_in_food/Hyperspectral_Image_data/GrainClassData_Aug2020/Training/Wheat_Halland/WHITEDense_series1_20_08_20_12_42_03.npy
962,Deep_learning_in_food/Hyperspectral_Image_data/GrainClassData_Aug2020/Training/Wheat_Halland/WHITEDense_series1_20_08_20_12_42_50.jpg
963,Deep_learning_in_food/Hyperspectral_Image_data/GrainClassData_Aug2020/Training/Wheat_Halland/WHITEDense_series1_20_08_20_12_42_50.npy
964,Deep_learning_in_food/Hyperspectral_Image_data/GrainClassData_Aug2020/Training/Wheat_Halland/WHITEDense_series1_20_08_20_12_43_29.jpg
965,Deep_learning_in_food/Hyperspectral_Image_data/GrainClassData_Aug2020/Training/Wheat_Halland/WHITEDense_series1_20_08_20_12_43_29.npy
966,Deep_learning_in_food/Hyperspectral_Image_data/GrainClassData_Aug2020/Training/Wheat_Halland/WHITEDense_series1_20_08_20_12_44_02.jpg
967,Deep_learning_in_food/Hyperspectral_Image_data/GrainClassData_Aug2020/Training/Wheat_Halland/WHITEDense_series1_20_08_20_12_44_02.npy
968,Deep_learning_in_food/Hyperspectral_Image_data/GrainClassData_Aug2020/Training/Wheat_Halland/WHITEDense_series1_20_08_20_12_44_54.jpg
969,Deep_learning_in_food/Hyperspectral_Image_data/GrainClassData_Aug2020/Training/Wheat_Halland/WHITEDense_series1_20_08_20_12_44_54.npy
970,Deep_learning_in_food/Hyperspectral_Image_data/GrainClassData_Aug2020/Training/Wheat_Halland/WHITEDense_series1_20_08_20_12_45_34.jpg
971,Deep_learning_in_food/Hyperspectral_Image_data/GrainClassData_Aug2020/Training/Wheat_Halland/WHITEDense_series1_20_08_20_12_45_34.npy
972,Deep_learning_in_food/Hyperspectral_Image_data/GrainClassData_Aug2020/Training/Wheat_Halland/WHITEDense_Series1_20_09_07_15_37_16.jpg
973,Deep_learning_in_food/Hyperspectral_Image_data/GrainClassData_Aug2020/Training/Wheat_Halland/WHITEDense_Series1_20_09_07_15_37_16.npy
974,Deep_learning_in_food/Hyperspectral_Image_data/GrainClassData_Aug2020/Training/Wheat_Halland/WHITEDense_Series1_20_09_07_15_37_52.jpg
975,Deep_learning_in_food/Hyperspectral_Image_data/GrainClassData_Aug2020/Training/Wheat_Halland/WHITEDense_Series1_20_09_07_15_37_52.npy
976,Deep_learning_in_food/Hyperspectral_Image_data/GrainClassData_Aug2020/Training/Wheat_Halland/WHITEDense_Series1_20_09_07_15_38_23.jpg
977,Deep_learning_in_food/Hyperspectral_Image_data/GrainClassData_Aug2020/Training/Wheat_Halland/WHITEDense_Series1_20_09_07_15_38_23.npy
978,Deep_learning_in_food/Hyperspectral_Image_data/GrainClassData_Aug2020/Training/Wheat_Halland/WHITEDense_Series1_20_09_07_15_38_53.jpg
979,Deep_learning_in_food/Hyperspectral_Image_data/GrainClassData_Aug2020/Training/Wheat_Halland/WHITEDense_Series1_20_09_07_15_38_53.npy
980,Deep_learning_in_food/Hyperspectral_Image_data/GrainClassData_Aug2020/Training/Wheat_Halland/WHITEDense_Series1_20_09_07_15_39_26.jpg
981,Deep_learning_in_food/Hyperspectral_Image_data/GrainClassData_Aug2020/Training/Wheat_Halland/WHITEDense_Series1_20_09_07_15_39_26.npy
982,Deep_learning_in_food/Hyperspectral_Image_data/GrainClassData_Aug2020/Training/Wheat_Halland/WHITEDense_series2_20_08_20_12_46_27.jpg
983,Deep_learning_in_food/Hyperspectral_Image_data/GrainClassData_Aug2020/Training/Wheat_Halland/WHITEDense_series2_20_08_20_12_46_27.npy
984,Deep_learning_in_food/Hyperspectral_Image_data/GrainClassData_Aug2020/Training/Wheat_Halland/WHITEDense_series2_20_08_20_12_47_06.jpg
985,Deep_learning_in_food/Hyperspectral_Image_data/GrainClassData_Aug2020/Training/Wheat_Halland/WHITEDense_series2_20_08_20_12_47_06.npy
986,Deep_learning_in_food/Hyperspectral_Image_data/GrainClassData_Aug2020/Training/Wheat_Halland/WHITEDense_series2_20_08_20_12_47_43.jpg
987,Deep_learning_in_food/Hyperspectral_Image_data/GrainClassData_Aug2020/Training/Wheat_Halland/WHITEDense_series2_20_08_20_12_47_43.npy
988,Deep_learning_in_food/Hyperspectral_Image_data/GrainClassData_Aug2020/Training/Wheat_Halland/WHITEDense_series2_20_08_20_12_48_20.jpg
989,Deep_learning_in_food/Hyperspectral_Image_data/GrainClassData_Aug2020/Training/Wheat_Halland/WHITEDense_series2_20_08_20_12_48_20.npy
990,Deep_learning_in_food/Hyperspectral_Image_data/GrainClassData_Aug2020/Training/Wheat_Halland/WHITEDense_Series2_20_09_07_15_40_03.jpg
991,Deep_learning_in_food/Hyperspectral_Image_data/GrainClassData_Aug2020/Training/Wheat_Halland/WHITEDense_Series2_20_09_07_15_40_03.npy
992,Deep_learning_in_food/Hyperspectral_Image_data/GrainClassData_Aug2020/Training/Wheat_Halland/WHITEDense_Series2_20_09_07_15_40_42.jpg
993,Deep_learning_in_food/Hyperspectral_Image_data/GrainClassData_Aug2020/Training/Wheat_Halland/WHITEDense_Series2_20_09_07_15_40_42.npy
994,Deep_learning_in_food/Hyperspectral_Image_data/GrainClassData_Aug2020/Training/Wheat_Halland/WHITEDense_Series2_20_09_07_15_41_10.jpg
995,Deep_learning_in_food/Hyperspectral_Image_data/GrainClassData_Aug2020/Training/Wheat_Halland/WHITEDense_Series2_20_09_07_15_41_10.npy
996,Deep_learning_in_food/Hyperspectral_Image_data/GrainClassData_Aug2020/Training/Wheat_Halland/WHITEDense_Series2_20_09_07_15_41_40.jpg
997,Deep_learning_in_food/Hyperspectral_Image_data/GrainClassData_Aug2020/Training/Wheat_Halland/WHITEDense_Series2_20_09_07_15_41_40.npy
998,Deep_learning_in_food/Hyperspectral_Image_data/GrainClassData_Aug2020/Training/Wheat_Halland/WHITEDense_Series3_20_09_07_15_42_18.jpg
999,Deep_learning_in_food/Hyperspectral_Image_data/GrainClassData_Aug2020/Training/Wheat_Halland/WHITEDense_Series3_20_09_07_15_42_18.npy
1000,Deep_learning_in_food/Hyperspectral_Image_data/GrainClassData_Aug2020/Training/Wheat_Halland/WHITESparse_series1_20_08_20_12_49_18.jpg
1001,Deep_learning_in_food/Hyperspectral_Image_data/GrainClassData_Aug2020/Training/Wheat_Halland/WHITESparse_series1_20_08_20_12_49_18.npy
1002,Deep_learning_in_food/Hyperspectral_Image_data/GrainClassData_Aug2020/Training/Wheat_Halland/WHITESparse_series1_20_08_20_12_50_14.jpg
1003,Deep_learning_in_food/Hyperspectral_Image_data/GrainClassData_Aug2020/Training/Wheat_Halland/WHITESparse_series1_20_08_20_12_50_14.npy
1004,Deep_learning_in_food/Hyperspectral_Image_data/GrainClassData_Aug2020/Training/Wheat_Halland/WHITESparse_series1_20_08_20_12_50_47.jpg
1005,Deep_learning_in_food/Hyperspectral_Image_data/GrainClassData_Aug2020/Training/Wheat_Halland/WHITESparse_series1_20_08_20_12_50_47.npy
1006,Deep_learning_in_food/Hyperspectral_Image_data/GrainClassData_Aug2020/Training/Wheat_Halland/WHITESparse_series1_20_08_20_12_51_26.jpg
1007,Deep_learning_in_food/Hyperspectral_Image_data/GrainClassData_Aug2020/Training/Wheat_Halland/WHITESparse_series1_20_08_20_12_51_26.npy
1008,Deep_learning_in_food/Hyperspectral_Image_data/GrainClassData_Aug2020/Training/Wheat_Halland/WHITESparse_series1_20_08_20_12_51_56.jpg
1009,Deep_learning_in_food/Hyperspectral_Image_data/GrainClassData_Aug2020/Training/Wheat_Halland/WHITESparse_series1_20_08_20_12_51_56.npy
1010,Deep_learning_in_food/Hyperspectral_Image_data/GrainClassData_Aug2020/Training/Wheat_Halland/WHITESparse_series1_20_08_20_12_52_26.jpg
1011,Deep_learning_in_food/Hyperspectral_Image_data/GrainClassData_Aug2020/Training/Wheat_Halland/WHITESparse_series1_20_08_20_12_52_26.npy
1012,Deep_learning_in_food/Hyperspectral_Image_data/GrainClassData_Aug2020/Training/Wheat_Halland/WHITESparse_Series1_20_09_07_15_43_14.jpg
1013,Deep_learning_in_food/Hyperspectral_Image_data/GrainClassData_Aug2020/Training/Wheat_Halland/WHITESparse_Series1_20_09_07_15_43_14.npy
1014,Deep_learning_in_food/Hyperspectral_Image_data/GrainClassData_Aug2020/Training/Wheat_Halland/WHITESparse_Series1_20_09_07_15_43_44.jpg
1015,Deep_learning_in_food/Hyperspectral_Image_data/GrainClassData_Aug2020/Training/Wheat_Halland/WHITESparse_Series1_20_09_07_15_43_44.npy
1016,Deep_learning_in_food/Hyperspectral_Image_data/GrainClassData_Aug2020/Training/Wheat_Halland/WHITESparse_Series1_20_09_07_15_44_14.jpg
1017,Deep_learning_in_food/Hyperspectral_Image_data/GrainClassData_Aug2020/Training/Wheat_Halland/WHITESparse_Series1_20_09_07_15_44_14.npy
1018,Deep_learning_in_food/Hyperspectral_Image_data/GrainClassData_Aug2020/Training/Wheat_Halland/WHITESparse_Series1_20_09_07_15_44_51.jpg
1019,Deep_learning_in_food/Hyperspectral_Image_data/GrainClassData_Aug2020/Training/Wheat_Halland/WHITESparse_Series1_20_09_07_15_44_51.npy
1020,Deep_learning_in_food/Hyperspectral_Image_data/GrainClassData_Aug2020/Training/Wheat_Halland/WHITESparse_Series1_20_09_07_15_45_21.jpg
1021,Deep_learning_in_food/Hyperspectral_Image_data/GrainClassData_Aug2020/Training/Wheat_Halland/WHITESparse_Series1_20_09_07_15_45_21.npy
1022,Deep_learning_in_food/Hyperspectral_Image_data/GrainClassData_Aug2020/Training/Wheat_Halland/WHITESparse_Series1_20_09_07_15_45_54.jpg
1023,Deep_learning_in_food/Hyperspectral_Image_data/GrainClassData_Aug2020/Training/Wheat_Halland/WHITESparse_Series1_20_09_07_15_45_54.npy
1024,Deep_learning_in_food/Hyperspectral_Image_data/GrainClassData_Aug2020/Training/Wheat_Oland/Dense_series1_20_08_20_13_56_24.cdf
1025,Deep_learning_in_food/Hyperspectral_Image_data/GrainClassData_Aug2020/Training/Wheat_Oland/Dense_series1_20_08_20_13_56_24.jpg
1026,Deep_learning_in_food/Hyperspectral_Image_data/GrainClassData_Aug2020/Training/Wheat_Oland/Dense_series1_20_08_20_13_57_00.cdf
1027,Deep_learning_in_food/Hyperspectral_Image_data/GrainClassData_Aug2020/Training/Wheat_Oland/Dense_series1_20_08_20_13_57_00.jpg
1028,Deep_learning_in_food/Hyperspectral_Image_data/GrainClassData_Aug2020/Training/Wheat_Oland/Dense_series1_20_08_20_13_57_29.cdf
1029,Deep_learning_in_food/Hyperspectral_Image_data/GrainClassData_Aug2020/Training/Wheat_Oland/Dense_series1_20_08_20_13_57_29.jpg
1030,Deep_learning_in_food/Hyperspectral_Image_data/GrainClassData_Aug2020/Training/Wheat_Oland/Dense_series1_20_08_20_13_57_58.cdf
1031,Deep_learning_in_food/Hyperspectral_Image_data/GrainClassData_Aug2020/Training/Wheat_Oland/Dense_series1_20_08_20_13_57_58.jpg
1032,Deep_learning_in_food/Hyperspectral_Image_data/GrainClassData_Aug2020/Training/Wheat_Oland/Dense_series1_20_08_20_13_58_34.cdf
1033,Deep_learning_in_food/Hyperspectral_Image_data/GrainClassData_Aug2020/Training/Wheat_Oland/Dense_series1_20_08_20_13_58_34.jpg
1034,Deep_learning_in_food/Hyperspectral_Image_data/GrainClassData_Aug2020/Training/Wheat_Oland/Dense_series1_20_08_20_13_59_07.cdf
1035,Deep_learning_in_food/Hyperspectral_Image_data/GrainClassData_Aug2020/Training/Wheat_Oland/Dense_series1_20_08_20_13_59_07.jpg
1036,Deep_learning_in_food/Hyperspectral_Image_data/GrainClassData_Aug2020/Training/Wheat_Oland/Dense_series1_20_08_20_13_59_36.cdf
1037,Deep_learning_in_food/Hyperspectral_Image_data/GrainClassData_Aug2020/Training/Wheat_Oland/Dense_series1_20_08_20_13_59_36.jpg
1038,Deep_learning_in_food/Hyperspectral_Image_data/GrainClassData_Aug2020/Training/Wheat_Oland/Dense_series1_20_08_20_14_00_04.cdf
1039,Deep_learning_in_food/Hyperspectral_Image_data/GrainClassData_Aug2020/Training/Wheat_Oland/Dense_series1_20_08_20_14_00_04.jpg
1040,Deep_learning_in_food/Hyperspectral_Image_data/GrainClassData_Aug2020/Training/Wheat_Oland/Dense_series1_20_08_20_14_00_34.cdf
1041,Deep_learning_in_food/Hyperspectral_Image_data/GrainClassData_Aug2020/Training/Wheat_Oland/Dense_series1_20_08_20_14_00_34.jpg
1042,Deep_learning_in_food/Hyperspectral_Image_data/GrainClassData_Aug2020/Training/Wheat_Oland/Dense_series1_20_08_20_14_01_04.cdf
1043,Deep_learning_in_food/Hyperspectral_Image_data/GrainClassData_Aug2020/Training/Wheat_Oland/Dense_series1_20_08_20_14_01_04.jpg
1044,Deep_learning_in_food/Hyperspectral_Image_data/GrainClassData_Aug2020/Training/Wheat_Oland/Dense_Series1_20_09_07_13_39_26.cdf
1045,Deep_learning_in_food/Hyperspectral_Image_data/GrainClassData_Aug2020/Training/Wheat_Oland/Dense_Series1_20_09_07_13_39_26.jpg
1046,Deep_learning_in_food/Hyperspectral_Image_data/GrainClassData_Aug2020/Training/Wheat_Oland/Dense_Series1_20_09_07_13_41_09.cdf
1047,Deep_learning_in_food/Hyperspectral_Image_data/GrainClassData_Aug2020/Training/Wheat_Oland/Dense_Series1_20_09_07_13_41_09.jpg
1048,Deep_learning_in_food/Hyperspectral_Image_data/GrainClassData_Aug2020/Training/Wheat_Oland/Dense_Series1_20_09_07_13_41_49.cdf
1049,Deep_learning_in_food/Hyperspectral_Image_data/GrainClassData_Aug2020/Training/Wheat_Oland/Dense_Series1_20_09_07_13_41_49.jpg
1050,Deep_learning_in_food/Hyperspectral_Image_data/GrainClassData_Aug2020/Training/Wheat_Oland/Dense_Series1_20_09_07_13_42_29.cdf
1051,Deep_learning_in_food/Hyperspectral_Image_data/GrainClassData_Aug2020/Training/Wheat_Oland/Dense_Series1_20_09_07_13_42_29.jpg
1052,Deep_learning_in_food/Hyperspectral_Image_data/GrainClassData_Aug2020/Training/Wheat_Oland/Dense_Series1_20_09_07_13_44_35.cdf
1053,Deep_learning_in_food/Hyperspectral_Image_data/GrainClassData_Aug2020/Training/Wheat_Oland/Dense_Series1_20_09_07_13_44_35.jpg
1054,Deep_learning_in_food/Hyperspectral_Image_data/GrainClassData_Aug2020/Training/Wheat_Oland/Dense_Series1_20_09_07_13_45_29.cdf
1055,Deep_learning_in_food/Hyperspectral_Image_data/GrainClassData_Aug2020/Training/Wheat_Oland/Dense_Series1_20_09_07_13_45_29.jpg
1056,Deep_learning_in_food/Hyperspectral_Image_data/GrainClassData_Aug2020/Training/Wheat_Oland/Dense_Series1_20_09_07_13_46_10.cdf
1057,Deep_learning_in_food/Hyperspectral_Image_data/GrainClassData_Aug2020/Training/Wheat_Oland/Dense_Series1_20_09_07_13_46_10.jpg
1058,Deep_learning_in_food/Hyperspectral_Image_data/GrainClassData_Aug2020/Training/Wheat_Oland/Dense_Series2_20_09_07_13_47_50.cdf
1059,Deep_learning_in_food/Hyperspectral_Image_data/GrainClassData_Aug2020/Training/Wheat_Oland/Dense_Series2_20_09_07_13_47_50.jpg
1060,Deep_learning_in_food/Hyperspectral_Image_data/GrainClassData_Aug2020/Training/Wheat_Oland/Dense_Series2_20_09_07_13_48_58.cdf
1061,Deep_learning_in_food/Hyperspectral_Image_data/GrainClassData_Aug2020/Training/Wheat_Oland/Dense_Series2_20_09_07_13_48_58.jpg
1062,Deep_learning_in_food/Hyperspectral_Image_data/GrainClassData_Aug2020/Training/Wheat_Oland/Dense_Series2_20_09_07_13_50_19.cdf
1063,Deep_learning_in_food/Hyperspectral_Image_data/GrainClassData_Aug2020/Training/Wheat_Oland/Dense_Series2_20_09_07_13_50_19.jpg
1064,Deep_learning_in_food/Hyperspectral_Image_data/GrainClassData_Aug2020/Training/Wheat_Oland/Sparse_series1_20_08_20_14_02_28.cdf
1065,Deep_learning_in_food/Hyperspectral_Image_data/GrainClassData_Aug2020/Training/Wheat_Oland/Sparse_series1_20_08_20_14_02_28.jpg
1066,Deep_learning_in_food/Hyperspectral_Image_data/GrainClassData_Aug2020/Training/Wheat_Oland/Sparse_series1_20_08_20_14_03_04.cdf
1067,Deep_learning_in_food/Hyperspectral_Image_data/GrainClassData_Aug2020/Training/Wheat_Oland/Sparse_series1_20_08_20_14_03_04.jpg
1068,Deep_learning_in_food/Hyperspectral_Image_data/GrainClassData_Aug2020/Training/Wheat_Oland/Sparse_series1_20_08_20_14_03_42.cdf
1069,Deep_learning_in_food/Hyperspectral_Image_data/GrainClassData_Aug2020/Training/Wheat_Oland/Sparse_series1_20_08_20_14_03_42.jpg
1070,Deep_learning_in_food/Hyperspectral_Image_data/GrainClassData_Aug2020/Training/Wheat_Oland/Sparse_series1_20_08_20_14_05_10.cdf
1071,Deep_learning_in_food/Hyperspectral_Image_data/GrainClassData_Aug2020/Training/Wheat_Oland/Sparse_series1_20_08_20_14_05_10.jpg
1072,Deep_learning_in_food/Hyperspectral_Image_data/GrainClassData_Aug2020/Training/Wheat_Oland/Sparse_series1_20_08_20_14_05_39.cdf
1073,Deep_learning_in_food/Hyperspectral_Image_data/GrainClassData_Aug2020/Training/Wheat_Oland/Sparse_series1_20_08_20_14_05_39.jpg
1074,Deep_learning_in_food/Hyperspectral_Image_data/GrainClassData_Aug2020/Training/Wheat_Oland/Sparse_series1_20_08_20_14_06_07.cdf
1075,Deep_learning_in_food/Hyperspectral_Image_data/GrainClassData_Aug2020/Training/Wheat_Oland/Sparse_series1_20_08_20_14_06_07.jpg
1076,Deep_learning_in_food/Hyperspectral_Image_data/GrainClassData_Aug2020/Training/Wheat_Oland/Sparse_Series1_20_09_07_13_51_32.cdf
1077,Deep_learning_in_food/Hyperspectral_Image_data/GrainClassData_Aug2020/Training/Wheat_Oland/Sparse_Series1_20_09_07_13_51_32.jpg
1078,Deep_learning_in_food/Hyperspectral_Image_data/GrainClassData_Aug2020/Training/Wheat_Oland/Sparse_Series1_20_09_07_13_52_22.cdf
1079,Deep_learning_in_food/Hyperspectral_Image_data/GrainClassData_Aug2020/Training/Wheat_Oland/Sparse_Series1_20_09_07_13_52_22.jpg
1080,Deep_learning_in_food/Hyperspectral_Image_data/GrainClassData_Aug2020/Training/Wheat_Oland/Sparse_Series1_20_09_07_13_53_00.cdf
1081,Deep_learning_in_food/Hyperspectral_Image_data/GrainClassData_Aug2020/Training/Wheat_Oland/Sparse_Series1_20_09_07_13_53_00.jpg
1082,Deep_learning_in_food/Hyperspectral_Image_data/GrainClassData_Aug2020/Training/Wheat_Oland/Sparse_Series1_20_09_07_13_53_51.cdf
1083,Deep_learning_in_food/Hyperspectral_Image_data/GrainClassData_Aug2020/Training/Wheat_Oland/Sparse_Series1_20_09_07_13_53_51.jpg
1084,Deep_learning_in_food/Hyperspectral_Image_data/GrainClassData_Aug2020/Training/Wheat_Oland/Sparse_Series1_20_09_07_13_54_26.cdf
1085,Deep_learning_in_food/Hyperspectral_Image_data/GrainClassData_Aug2020/Training/Wheat_Oland/Sparse_Series1_20_09_07_13_54_26.jpg
1086,Deep_learning_in_food/Hyperspectral_Image_data/GrainClassData_Aug2020/Training/Wheat_Oland/Sparse_Series1_20_09_07_13_55_03.cdf
1087,Deep_learning_in_food/Hyperspectral_Image_data/GrainClassData_Aug2020/Training/Wheat_Oland/Sparse_Series1_20_09_07_13_55_03.jpg
1088,Deep_learning_in_food/Hyperspectral_Image_data/GrainClassData_Aug2020/Training/Wheat_Oland/WHITEDense_series1_20_08_20_13_56_24.jpg
1089,Deep_learning_in_food/Hyperspectral_Image_data/GrainClassData_Aug2020/Training/Wheat_Oland/WHITEDense_series1_20_08_20_13_56_24.npy
1090,Deep_learning_in_food/Hyperspectral_Image_data/GrainClassData_Aug2020/Training/Wheat_Oland/WHITEDense_series1_20_08_20_13_57_00.jpg
1091,Deep_learning_in_food/Hyperspectral_Image_data/GrainClassData_Aug2020/Training/Wheat_Oland/WHITEDense_series1_20_08_20_13_57_00.npy
1092,Deep_learning_in_food/Hyperspectral_Image_data/GrainClassData_Aug2020/Training/Wheat_Oland/WHITEDense_series1_20_08_20_13_57_29.jpg
1093,Deep_learning_in_food/Hyperspectral_Image_data/GrainClassData_Aug2020/Training/Wheat_Oland/WHITEDense_series1_20_08_20_13_57_29.npy
1094,Deep_learning_in_food/Hyperspectral_Image_data/GrainClassData_Aug2020/Training/Wheat_Oland/WHITEDense_series1_20_08_20_13_57_58.jpg
1095,Deep_learning_in_food/Hyperspectral_Image_data/GrainClassData_Aug2020/Training/Wheat_Oland/WHITEDense_series1_20_08_20_13_57_58.npy
1096,Deep_learning_in_food/Hyperspectral_Image_data/GrainClassData_Aug2020/Training/Wheat_Oland/WHITEDense_series1_20_08_20_13_58_34.jpg
1097,Deep_learning_in_food/Hyperspectral_Image_data/GrainClassData_Aug2020/Training/Wheat_Oland/WHITEDense_series1_20_08_20_13_58_34.npy
1098,Deep_learning_in_food/Hyperspectral_Image_data/GrainClassData_Aug2020/Training/Wheat_Oland/WHITEDense_series1_20_08_20_13_59_07.jpg
1099,Deep_learning_in_food/Hyperspectral_Image_data/GrainClassData_Aug2020/Training/Wheat_Oland/WHITEDense_series1_20_08_20_13_59_07.npy
1100,Deep_learning_in_food/Hyperspectral_Image_data/GrainClassData_Aug2020/Training/Wheat_Oland/WHITEDense_series1_20_08_20_13_59_36.jpg
1101,Deep_learning_in_food/Hyperspectral_Image_data/GrainClassData_Aug2020/Training/Wheat_Oland/WHITEDense_series1_20_08_20_13_59_36.npy
1102,Deep_learning_in_food/Hyperspectral_Image_data/GrainClassData_Aug2020/Training/Wheat_Oland/WHITEDense_series1_20_08_20_14_00_04.jpg
1103,Deep_learning_in_food/Hyperspectral_Image_data/GrainClassData_Aug2020/Training/Wheat_Oland/WHITEDense_series1_20_08_20_14_00_04.npy
1104,Deep_learning_in_food/Hyperspectral_Image_data/GrainClassData_Aug2020/Training/Wheat_Oland/WHITEDense_series1_20_08_20_14_00_34.jpg
1105,Deep_learning_in_food/Hyperspectral_Image_data/GrainClassData_Aug2020/Training/Wheat_Oland/WHITEDense_series1_20_08_20_14_00_34.npy
1106,Deep_learning_in_food/Hyperspectral_Image_data/GrainClassData_Aug2020/Training/Wheat_Oland/WHITEDense_series1_20_08_20_14_01_04.jpg
1107,Deep_learning_in_food/Hyperspectral_Image_data/GrainClassData_Aug2020/Training/Wheat_Oland/WHITEDense_series1_20_08_20_14_01_04.npy
1108,Deep_learning_in_food/Hyperspectral_Image_data/GrainClassData_Aug2020/Training/Wheat_Oland/WHITEDense_Series1_20_09_07_13_39_26.jpg
1109,Deep_learning_in_food/Hyperspectral_Image_data/GrainClassData_Aug2020/Training/Wheat_Oland/WHITEDense_Series1_20_09_07_13_39_26.npy
1110,Deep_learning_in_food/Hyperspectral_Image_data/GrainClassData_Aug2020/Training/Wheat_Oland/WHITEDense_Series1_20_09_07_13_41_09.jpg
1111,Deep_learning_in_food/Hyperspectral_Image_data/GrainClassData_Aug2020/Training/Wheat_Oland/WHITEDense_Series1_20_09_07_13_41_09.npy
1112,Deep_learning_in_food/Hyperspectral_Image_data/GrainClassData_Aug2020/Training/Wheat_Oland/WHITEDense_Series1_20_09_07_13_41_49.jpg
1113,Deep_learning_in_food/Hyperspectral_Image_data/GrainClassData_Aug2020/Training/Wheat_Oland/WHITEDense_Series1_20_09_07_13_41_49.npy
1114,Deep_learning_in_food/Hyperspectral_Image_data/GrainClassData_Aug2020/Training/Wheat_Oland/WHITEDense_Series1_20_09_07_13_42_29.jpg
1115,Deep_learning_in_food/Hyperspectral_Image_data/GrainClassData_Aug2020/Training/Wheat_Oland/WHITEDense_Series1_20_09_07_13_42_29.npy
1116,Deep_learning_in_food/Hyperspectral_Image_data/GrainClassData_Aug2020/Training/Wheat_Oland/WHITEDense_Series1_20_09_07_13_44_35.jpg
1117,Deep_learning_in_food/Hyperspectral_Image_data/GrainClassData_Aug2020/Training/Wheat_Oland/WHITEDense_Series1_20_09_07_13_44_35.npy
1118,Deep_learning_in_food/Hyperspectral_Image_data/GrainClassData_Aug2020/Training/Wheat_Oland/WHITEDense_Series1_20_09_07_13_45_29.jpg
1119,Deep_learning_in_food/Hyperspectral_Image_data/GrainClassData_Aug2020/Training/Wheat_Oland/WHITEDense_Series1_20_09_07_13_45_29.npy
1120,Deep_learning_in_food/Hyperspectral_Image_data/GrainClassData_Aug2020/Training/Wheat_Oland/WHITEDense_Series1_20_09_07_13_46_10.jpg
1121,Deep_learning_in_food/Hyperspectral_Image_data/GrainClassData_Aug2020/Training/Wheat_Oland/WHITEDense_Series1_20_09_07_13_46_10.npy
1122,Deep_learning_in_food/Hyperspectral_Image_data/GrainClassData_Aug2020/Training/Wheat_Oland/WHITEDense_Series2_20_09_07_13_47_50.jpg
1123,Deep_learning_in_food/Hyperspectral_Image_data/GrainClassData_Aug2020/Training/Wheat_Oland/WHITEDense_Series2_20_09_07_13_47_50.npy
1124,Deep_learning_in_food/Hyperspectral_Image_data/GrainClassData_Aug2020/Training/Wheat_Oland/WHITEDense_Series2_20_09_07_13_48_58.jpg
1125,Deep_learning_in_food/Hyperspectral_Image_data/GrainClassData_Aug2020/Training/Wheat_Oland/WHITEDense_Series2_20_09_07_13_48_58.npy
1126,Deep_learning_in_food/Hyperspectral_Image_data/GrainClassData_Aug2020/Training/Wheat_Oland/WHITEDense_Series2_20_09_07_13_50_19.jpg
1127,Deep_learning_in_food/Hyperspectral_Image_data/GrainClassData_Aug2020/Training/Wheat_Oland/WHITEDense_Series2_20_09_07_13_50_19.npy
1128,Deep_learning_in_food/Hyperspectral_Image_data/GrainClassData_Aug2020/Training/Wheat_Oland/WHITESparse_series1_20_08_20_14_02_28.jpg
1129,Deep_learning_in_food/Hyperspectral_Image_data/GrainClassData_Aug2020/Training/Wheat_Oland/WHITESparse_series1_20_08_20_14_02_28.npy
1130,Deep_learning_in_food/Hyperspectral_Image_data/GrainClassData_Aug2020/Training/Wheat_Oland/WHITESparse_series1_20_08_20_14_03_04.jpg
1131,Deep_learning_in_food/Hyperspectral_Image_data/GrainClassData_Aug2020/Training/Wheat_Oland/WHITESparse_series1_20_08_20_14_03_04.npy
1132,Deep_learning_in_food/Hyperspectral_Image_data/GrainClassData_Aug2020/Training/Wheat_Oland/WHITESparse_series1_20_08_20_14_03_42.jpg
1133,Deep_learning_in_food/Hyperspectral_Image_data/GrainClassData_Aug2020/Training/Wheat_Oland/WHITESparse_series1_20_08_20_14_03_42.npy
1134,Deep_learning_in_food/Hyperspectral_Image_data/GrainClassData_Aug2020/Training/Wheat_Oland/WHITESparse_series1_20_08_20_14_05_10.jpg
1135,Deep_learning_in_food/Hyperspectral_Image_data/GrainClassData_Aug2020/Training/Wheat_Oland/WHITESparse_series1_20_08_20_14_05_10.npy
1136,Deep_learning_in_food/Hyperspectral_Image_data/GrainClassData_Aug2020/Training/Wheat_Oland/WHITESparse_series1_20_08_20_14_05_39.jpg
1137,Deep_learning_in_food/Hyperspectral_Image_data/GrainClassData_Aug2020/Training/Wheat_Oland/WHITESparse_series1_20_08_20_14_05_39.npy
1138,Deep_learning_in_food/Hyperspectral_Image_data/GrainClassData_Aug2020/Training/Wheat_Oland/WHITESparse_series1_20_08_20_14_06_07.jpg
1139,Deep_learning_in_food/Hyperspectral_Image_data/GrainClassData_Aug2020/Training/Wheat_Oland/WHITESparse_series1_20_08_20_14_06_07.npy
1140,Deep_learning_in_food/Hyperspectral_Image_data/GrainClassData_Aug2020/Training/Wheat_Oland/WHITESparse_Series1_20_09_07_13_51_32.jpg
1141,Deep_learning_in_food/Hyperspectral_Image_data/GrainClassData_Aug2020/Training/Wheat_Oland/WHITESparse_Series1_20_09_07_13_51_32.npy
1142,Deep_learning_in_food/Hyperspectral_Image_data/GrainClassData_Aug2020/Training/Wheat_Oland/WHITESparse_Series1_20_09_07_13_52_22.jpg
1143,Deep_learning_in_food/Hyperspectral_Image_data/GrainClassData_Aug2020/Training/Wheat_Oland/WHITESparse_Series1_20_09_07_13_52_22.npy
1144,Deep_learning_in_food/Hyperspectral_Image_data/GrainClassData_Aug2020/Training/Wheat_Oland/WHITESparse_Series1_20_09_07_13_53_00.jpg
1145,Deep_learning_in_food/Hyperspectral_Image_data/GrainClassData_Aug2020/Training/Wheat_Oland/WHITESparse_Series1_20_09_07_13_53_00.npy
1146,Deep_learning_in_food/Hyperspectral_Image_data/GrainClassData_Aug2020/Training/Wheat_Oland/WHITESparse_Series1_20_09_07_13_53_51.jpg
1147,Deep_learning_in_food/Hyperspectral_Image_data/GrainClassData_Aug2020/Training/Wheat_Oland/WHITESparse_Series1_20_09_07_13_53_51.npy
1148,Deep_learning_in_food/Hyperspectral_Image_data/GrainClassData_Aug2020/Training/Wheat_Oland/WHITESparse_Series1_20_09_07_13_54_26.jpg
1149,Deep_learning_in_food/Hyperspectral_Image_data/GrainClassData_Aug2020/Training/Wheat_Oland/WHITESparse_Series1_20_09_07_13_54_26.npy
1150,Deep_learning_in_food/Hyperspectral_Image_data/GrainClassData_Aug2020/Training/Wheat_Oland/WHITESparse_Series1_20_09_07_13_55_03.jpg
1151,Deep_learning_in_food/Hyperspectral_Image_data/GrainClassData_Aug2020/Training/Wheat_Oland/WHITESparse_Series1_20_09_07_13_55_03.npy
1152,Deep_learning_in_food/Hyperspectral_Image_data/GrainClassData_Aug2020/Training/Wheat_Spelt/Dense_series1_20_08_20_12_56_28.cdf
1153,Deep_learning_in_food/Hyperspectral_Image_data/GrainClassData_Aug2020/Training/Wheat_Spelt/Dense_series1_20_08_20_12_56_28.jpg
1154,Deep_learning_in_food/Hyperspectral_Image_data/GrainClassData_Aug2020/Training/Wheat_Spelt/Dense_series1_20_08_20_12_57_38.cdf
1155,Deep_learning_in_food/Hyperspectral_Image_data/GrainClassData_Aug2020/Training/Wheat_Spelt/Dense_series1_20_08_20_12_57_38.jpg
1156,Deep_learning_in_food/Hyperspectral_Image_data/GrainClassData_Aug2020/Training/Wheat_Spelt/Dense_series1_20_08_20_12_58_17.cdf
1157,Deep_learning_in_food/Hyperspectral_Image_data/GrainClassData_Aug2020/Training/Wheat_Spelt/Dense_series1_20_08_20_12_58_17.jpg
1158,Deep_learning_in_food/Hyperspectral_Image_data/GrainClassData_Aug2020/Training/Wheat_Spelt/Dense_series1_20_08_20_12_58_50.cdf
1159,Deep_learning_in_food/Hyperspectral_Image_data/GrainClassData_Aug2020/Training/Wheat_Spelt/Dense_series1_20_08_20_12_58_50.jpg
1160,Deep_learning_in_food/Hyperspectral_Image_data/GrainClassData_Aug2020/Training/Wheat_Spelt/Dense_series1_20_08_20_12_59_34.cdf
1161,Deep_learning_in_food/Hyperspectral_Image_data/GrainClassData_Aug2020/Training/Wheat_Spelt/Dense_series1_20_08_20_12_59_34.jpg
1162,Deep_learning_in_food/Hyperspectral_Image_data/GrainClassData_Aug2020/Training/Wheat_Spelt/Dense_Series1_20_09_07_13_12_26.cdf
1163,Deep_learning_in_food/Hyperspectral_Image_data/GrainClassData_Aug2020/Training/Wheat_Spelt/Dense_Series1_20_09_07_13_12_26.jpg
1164,Deep_learning_in_food/Hyperspectral_Image_data/GrainClassData_Aug2020/Training/Wheat_Spelt/Dense_Series1_20_09_07_13_14_00.cdf
1165,Deep_learning_in_food/Hyperspectral_Image_data/GrainClassData_Aug2020/Training/Wheat_Spelt/Dense_Series1_20_09_07_13_14_00.jpg
1166,Deep_learning_in_food/Hyperspectral_Image_data/GrainClassData_Aug2020/Training/Wheat_Spelt/Dense_Series1_20_09_07_13_15_20.cdf
1167,Deep_learning_in_food/Hyperspectral_Image_data/GrainClassData_Aug2020/Training/Wheat_Spelt/Dense_Series1_20_09_07_13_15_20.jpg
1168,Deep_learning_in_food/Hyperspectral_Image_data/GrainClassData_Aug2020/Training/Wheat_Spelt/Dense_series2_20_08_20_13_00_22.cdf
1169,Deep_learning_in_food/Hyperspectral_Image_data/GrainClassData_Aug2020/Training/Wheat_Spelt/Dense_series2_20_08_20_13_00_22.jpg
1170,Deep_learning_in_food/Hyperspectral_Image_data/GrainClassData_Aug2020/Training/Wheat_Spelt/Dense_series2_20_08_20_13_00_52.cdf
1171,Deep_learning_in_food/Hyperspectral_Image_data/GrainClassData_Aug2020/Training/Wheat_Spelt/Dense_series2_20_08_20_13_00_52.jpg
1172,Deep_learning_in_food/Hyperspectral_Image_data/GrainClassData_Aug2020/Training/Wheat_Spelt/Dense_series2_20_08_20_13_01_25.cdf
1173,Deep_learning_in_food/Hyperspectral_Image_data/GrainClassData_Aug2020/Training/Wheat_Spelt/Dense_series2_20_08_20_13_01_25.jpg
1174,Deep_learning_in_food/Hyperspectral_Image_data/GrainClassData_Aug2020/Training/Wheat_Spelt/Dense_series2_20_08_20_13_01_57.cdf
1175,Deep_learning_in_food/Hyperspectral_Image_data/GrainClassData_Aug2020/Training/Wheat_Spelt/Dense_series2_20_08_20_13_01_57.jpg
1176,Deep_learning_in_food/Hyperspectral_Image_data/GrainClassData_Aug2020/Training/Wheat_Spelt/Dense_series2_20_08_20_13_02_28.cdf
1177,Deep_learning_in_food/Hyperspectral_Image_data/GrainClassData_Aug2020/Training/Wheat_Spelt/Dense_series2_20_08_20_13_02_28.jpg
1178,Deep_learning_in_food/Hyperspectral_Image_data/GrainClassData_Aug2020/Training/Wheat_Spelt/Dense_Series2_20_09_07_13_17_26.cdf
1179,Deep_learning_in_food/Hyperspectral_Image_data/GrainClassData_Aug2020/Training/Wheat_Spelt/Dense_Series2_20_09_07_13_17_26.jpg
1180,Deep_learning_in_food/Hyperspectral_Image_data/GrainClassData_Aug2020/Training/Wheat_Spelt/Dense_Series2_20_09_07_13_18_21.cdf
1181,Deep_learning_in_food/Hyperspectral_Image_data/GrainClassData_Aug2020/Training/Wheat_Spelt/Dense_Series2_20_09_07_13_18_21.jpg
1182,Deep_learning_in_food/Hyperspectral_Image_data/GrainClassData_Aug2020/Training/Wheat_Spelt/Dense_Series2_20_09_07_13_19_08.cdf
1183,Deep_learning_in_food/Hyperspectral_Image_data/GrainClassData_Aug2020/Training/Wheat_Spelt/Dense_Series2_20_09_07_13_19_08.jpg
1184,Deep_learning_in_food/Hyperspectral_Image_data/GrainClassData_Aug2020/Training/Wheat_Spelt/Dense_Series2_20_09_07_13_19_59.cdf
1185,Deep_learning_in_food/Hyperspectral_Image_data/GrainClassData_Aug2020/Training/Wheat_Spelt/Dense_Series2_20_09_07_13_19_59.jpg
1186,Deep_learning_in_food/Hyperspectral_Image_data/GrainClassData_Aug2020/Training/Wheat_Spelt/Dense_Series2_20_09_07_13_20_59.cdf
1187,Deep_learning_in_food/Hyperspectral_Image_data/GrainClassData_Aug2020/Training/Wheat_Spelt/Dense_Series2_20_09_07_13_20_59.jpg
1188,Deep_learning_in_food/Hyperspectral_Image_data/GrainClassData_Aug2020/Training/Wheat_Spelt/Dense_Series3_20_09_07_13_21_54.cdf
1189,Deep_learning_in_food/Hyperspectral_Image_data/GrainClassData_Aug2020/Training/Wheat_Spelt/Dense_Series3_20_09_07_13_21_54.jpg
1190,Deep_learning_in_food/Hyperspectral_Image_data/GrainClassData_Aug2020/Training/Wheat_Spelt/Dense_Series3_20_09_07_13_22_29.cdf
1191,Deep_learning_in_food/Hyperspectral_Image_data/GrainClassData_Aug2020/Training/Wheat_Spelt/Dense_Series3_20_09_07_13_22_29.jpg
1192,Deep_learning_in_food/Hyperspectral_Image_data/GrainClassData_Aug2020/Training/Wheat_Spelt/Sparse_series1_20_08_20_13_03_11.cdf
1193,Deep_learning_in_food/Hyperspectral_Image_data/GrainClassData_Aug2020/Training/Wheat_Spelt/Sparse_series1_20_08_20_13_03_11.jpg
1194,Deep_learning_in_food/Hyperspectral_Image_data/GrainClassData_Aug2020/Training/Wheat_Spelt/Sparse_series1_20_08_20_13_03_52.cdf
1195,Deep_learning_in_food/Hyperspectral_Image_data/GrainClassData_Aug2020/Training/Wheat_Spelt/Sparse_series1_20_08_20_13_03_52.jpg
1196,Deep_learning_in_food/Hyperspectral_Image_data/GrainClassData_Aug2020/Training/Wheat_Spelt/Sparse_series1_20_08_20_13_04_29.cdf
1197,Deep_learning_in_food/Hyperspectral_Image_data/GrainClassData_Aug2020/Training/Wheat_Spelt/Sparse_series1_20_08_20_13_04_29.jpg
1198,Deep_learning_in_food/Hyperspectral_Image_data/GrainClassData_Aug2020/Training/Wheat_Spelt/Sparse_series1_20_08_20_13_05_23.cdf
1199,Deep_learning_in_food/Hyperspectral_Image_data/GrainClassData_Aug2020/Training/Wheat_Spelt/Sparse_series1_20_08_20_13_05_23.jpg
1200,Deep_learning_in_food/Hyperspectral_Image_data/GrainClassData_Aug2020/Training/Wheat_Spelt/Sparse_series1_20_08_20_13_05_51.cdf
1201,Deep_learning_in_food/Hyperspectral_Image_data/GrainClassData_Aug2020/Training/Wheat_Spelt/Sparse_series1_20_08_20_13_05_51.jpg
1202,Deep_learning_in_food/Hyperspectral_Image_data/GrainClassData_Aug2020/Training/Wheat_Spelt/Sparse_series1_20_08_20_13_06_22.cdf
1203,Deep_learning_in_food/Hyperspectral_Image_data/GrainClassData_Aug2020/Training/Wheat_Spelt/Sparse_series1_20_08_20_13_06_22.jpg
1204,Deep_learning_in_food/Hyperspectral_Image_data/GrainClassData_Aug2020/Training/Wheat_Spelt/Sparse_Series1_20_09_07_13_25_18.cdf
1205,Deep_learning_in_food/Hyperspectral_Image_data/GrainClassData_Aug2020/Training/Wheat_Spelt/Sparse_Series1_20_09_07_13_25_18.jpg
1206,Deep_learning_in_food/Hyperspectral_Image_data/GrainClassData_Aug2020/Training/Wheat_Spelt/Sparse_Series1_20_09_07_13_26_26.cdf
1207,Deep_learning_in_food/Hyperspectral_Image_data/GrainClassData_Aug2020/Training/Wheat_Spelt/Sparse_Series1_20_09_07_13_26_26.jpg
1208,Deep_learning_in_food/Hyperspectral_Image_data/GrainClassData_Aug2020/Training/Wheat_Spelt/Sparse_Series1_20_09_07_13_27_02.cdf
1209,Deep_learning_in_food/Hyperspectral_Image_data/GrainClassData_Aug2020/Training/Wheat_Spelt/Sparse_Series1_20_09_07_13_27_02.jpg
1210,Deep_learning_in_food/Hyperspectral_Image_data/GrainClassData_Aug2020/Training/Wheat_Spelt/Sparse_Series1_20_09_07_13_31_40.cdf
1211,Deep_learning_in_food/Hyperspectral_Image_data/GrainClassData_Aug2020/Training/Wheat_Spelt/Sparse_Series1_20_09_07_13_31_40.jpg
1212,Deep_learning_in_food/Hyperspectral_Image_data/GrainClassData_Aug2020/Training/Wheat_Spelt/Sparse_Series1_20_09_07_13_33_05.cdf
1213,Deep_learning_in_food/Hyperspectral_Image_data/GrainClassData_Aug2020/Training/Wheat_Spelt/Sparse_Series1_20_09_07_13_33_05.jpg
1214,Deep_learning_in_food/Hyperspectral_Image_data/GrainClassData_Aug2020/Training/Wheat_Spelt/Sparse_Series1_20_09_07_13_34_02.cdf
1215,Deep_learning_in_food/Hyperspectral_Image_data/GrainClassData_Aug2020/Training/Wheat_Spelt/Sparse_Series1_20_09_07_13_34_02.jpg
1216,Deep_learning_in_food/Hyperspectral_Image_data/GrainClassData_Aug2020/Training/Wheat_Spelt/WHITEDense_series1_20_08_20_12_56_28.jpg
1217,Deep_learning_in_food/Hyperspectral_Image_data/GrainClassData_Aug2020/Training/Wheat_Spelt/WHITEDense_series1_20_08_20_12_56_28.npy
1218,Deep_learning_in_food/Hyperspectral_Image_data/GrainClassData_Aug2020/Training/Wheat_Spelt/WHITEDense_series1_20_08_20_12_57_38.jpg
1219,Deep_learning_in_food/Hyperspectral_Image_data/GrainClassData_Aug2020/Training/Wheat_Spelt/WHITEDense_series1_20_08_20_12_57_38.npy
1220,Deep_learning_in_food/Hyperspectral_Image_data/GrainClassData_Aug2020/Training/Wheat_Spelt/WHITEDense_series1_20_08_20_12_58_17.jpg
1221,Deep_learning_in_food/Hyperspectral_Image_data/GrainClassData_Aug2020/Training/Wheat_Spelt/WHITEDense_series1_20_08_20_12_58_17.npy
1222,Deep_learning_in_food/Hyperspectral_Image_data/GrainClassData_Aug2020/Training/Wheat_Spelt/WHITEDense_series1_20_08_20_12_58_50.jpg
1223,Deep_learning_in_food/Hyperspectral_Image_data/GrainClassData_Aug2020/Training/Wheat_Spelt/WHITEDense_series1_20_08_20_12_58_50.npy
1224,Deep_learning_in_food/Hyperspectral_Image_data/GrainClassData_Aug2020/Training/Wheat_Spelt/WHITEDense_series1_20_08_20_12_59_34.jpg
1225,Deep_learning_in_food/Hyperspectral_Image_data/GrainClassData_Aug2020/Training/Wheat_Spelt/WHITEDense_series1_20_08_20_12_59_34.npy
1226,Deep_learning_in_food/Hyperspectral_Image_data/GrainClassData_Aug2020/Training/Wheat_Spelt/WHITEDense_Series1_20_09_07_13_12_26.jpg
1227,Deep_learning_in_food/Hyperspectral_Image_data/GrainClassData_Aug2020/Training/Wheat_Spelt/WHITEDense_Series1_20_09_07_13_12_26.npy
1228,Deep_learning_in_food/Hyperspectral_Image_data/GrainClassData_Aug2020/Training/Wheat_Spelt/WHITEDense_Series1_20_09_07_13_14_00.jpg
1229,Deep_learning_in_food/Hyperspectral_Image_data/GrainClassData_Aug2020/Training/Wheat_Spelt/WHITEDense_Series1_20_09_07_13_14_00.npy
1230,Deep_learning_in_food/Hyperspectral_Image_data/GrainClassData_Aug2020/Training/Wheat_Spelt/WHITEDense_Series1_20_09_07_13_15_20.jpg
1231,Deep_learning_in_food/Hyperspectral_Image_data/GrainClassData_Aug2020/Training/Wheat_Spelt/WHITEDense_Series1_20_09_07_13_15_20.npy
1232,Deep_learning_in_food/Hyperspectral_Image_data/GrainClassData_Aug2020/Training/Wheat_Spelt/WHITEDense_series2_20_08_20_13_00_22.jpg
1233,Deep_learning_in_food/Hyperspectral_Image_data/GrainClassData_Aug2020/Training/Wheat_Spelt/WHITEDense_series2_20_08_20_13_00_22.npy
1234,Deep_learning_in_food/Hyperspectral_Image_data/GrainClassData_Aug2020/Training/Wheat_Spelt/WHITEDense_series2_20_08_20_13_00_52.jpg
1235,Deep_learning_in_food/Hyperspectral_Image_data/GrainClassData_Aug2020/Training/Wheat_Spelt/WHITEDense_series2_20_08_20_13_00_52.npy
1236,Deep_learning_in_food/Hyperspectral_Image_data/GrainClassData_Aug2020/Training/Wheat_Spelt/WHITEDense_series2_20_08_20_13_01_25.jpg
1237,Deep_learning_in_food/Hyperspectral_Image_data/GrainClassData_Aug2020/Training/Wheat_Spelt/WHITEDense_series2_20_08_20_13_01_25.npy
1238,Deep_learning_in_food/Hyperspectral_Image_data/GrainClassData_Aug2020/Training/Wheat_Spelt/WHITEDense_series2_20_08_20_13_01_57.jpg
1239,Deep_learning_in_food/Hyperspectral_Image_data/GrainClassData_Aug2020/Training/Wheat_Spelt/WHITEDense_series2_20_08_20_13_01_57.npy
1240,Deep_learning_in_food/Hyperspectral_Image_data/GrainClassData_Aug2020/Training/Wheat_Spelt/WHITEDense_series2_20_08_20_13_02_28.jpg
1241,Deep_learning_in_food/Hyperspectral_Image_data/GrainClassData_Aug2020/Training/Wheat_Spelt/WHITEDense_series2_20_08_20_13_02_28.npy
1242,Deep_learning_in_food/Hyperspectral_Image_data/GrainClassData_Aug2020/Training/Wheat_Spelt/WHITEDense_Series2_20_09_07_13_17_26.jpg
1243,Deep_learning_in_food/Hyperspectral_Image_data/GrainClassData_Aug2020/Training/Wheat_Spelt/WHITEDense_Series2_20_09_07_13_17_26.npy
1244,Deep_learning_in_food/Hyperspectral_Image_data/GrainClassData_Aug2020/Training/Wheat_Spelt/WHITEDense_Series2_20_09_07_13_18_21.jpg
1245,Deep_learning_in_food/Hyperspectral_Image_data/GrainClassData_Aug2020/Training/Wheat_Spelt/WHITEDense_Series2_20_09_07_13_18_21.npy
1246,Deep_learning_in_food/Hyperspectral_Image_data/GrainClassData_Aug2020/Training/Wheat_Spelt/WHITEDense_Series2_20_09_07_13_19_08.jpg
1247,Deep_learning_in_food/Hyperspectral_Image_data/GrainClassData_Aug2020/Training/Wheat_Spelt/WHITEDense_Series2_20_09_07_13_19_08.npy
1248,Deep_learning_in_food/Hyperspectral_Image_data/GrainClassData_Aug2020/Training/Wheat_Spelt/WHITEDense_Series2_20_09_07_13_19_59.jpg
1249,Deep_learning_in_food/Hyperspectral_Image_data/GrainClassData_Aug2020/Training/Wheat_Spelt/WHITEDense_Series2_20_09_07_13_19_59.npy
1250,Deep_learning_in_food/Hyperspectral_Image_data/GrainClassData_Aug2020/Training/Wheat_Spelt/WHITEDense_Series2_20_09_07_13_20_59.jpg
1251,Deep_learning_in_food/Hyperspectral_Image_data/GrainClassData_Aug2020/Training/Wheat_Spelt/WHITEDense_Series2_20_09_07_13_20_59.npy
1252,Deep_learning_in_food/Hyperspectral_Image_data/GrainClassData_Aug2020/Training/Wheat_Spelt/WHITEDense_Series3_20_09_07_13_21_54.jpg
1253,Deep_learning_in_food/Hyperspectral_Image_data/GrainClassData_Aug2020/Training/Wheat_Spelt/WHITEDense_Series3_20_09_07_13_21_54.npy
1254,Deep_learning_in_food/Hyperspectral_Image_data/GrainClassData_Aug2020/Training/Wheat_Spelt/WHITEDense_Series3_20_09_07_13_22_29.jpg
1255,Deep_learning_in_food/Hyperspectral_Image_data/GrainClassData_Aug2020/Training/Wheat_Spelt/WHITEDense_Series3_20_09_07_13_22_29.npy
1256,Deep_learning_in_food/Hyperspectral_Image_data/GrainClassData_Aug2020/Training/Wheat_Spelt/WHITESparse_series1_20_08_20_13_03_11.jpg
1257,Deep_learning_in_food/Hyperspectral_Image_data/GrainClassData_Aug2020/Training/Wheat_Spelt/WHITESparse_series1_20_08_20_13_03_11.npy
1258,Deep_learning_in_food/Hyperspectral_Image_data/GrainClassData_Aug2020/Training/Wheat_Spelt/WHITESparse_series1_20_08_20_13_03_52.jpg
1259,Deep_learning_in_food/Hyperspectral_Image_data/GrainClassData_Aug2020/Training/Wheat_Spelt/WHITESparse_series1_20_08_20_13_03_52.npy
1260,Deep_learning_in_food/Hyperspectral_Image_data/GrainClassData_Aug2020/Training/Wheat_Spelt/WHITESparse_series1_20_08_20_13_04_29.jpg
1261,Deep_learning_in_food/Hyperspectral_Image_data/GrainClassData_Aug2020/Training/Wheat_Spelt/WHITESparse_series1_20_08_20_13_04_29.npy
1262,Deep_learning_in_food/Hyperspectral_Image_data/GrainClassData_Aug2020/Training/Wheat_Spelt/WHITESparse_series1_20_08_20_13_05_23.jpg
1263,Deep_learning_in_food/Hyperspectral_Image_data/GrainClassData_Aug2020/Training/Wheat_Spelt/WHITESparse_series1_20_08_20_13_05_23.npy
1264,Deep_learning_in_food/Hyperspectral_Image_data/GrainClassData_Aug2020/Training/Wheat_Spelt/WHITESparse_series1_20_08_20_13_05_51.jpg
1265,Deep_learning_in_food/Hyperspectral_Image_data/GrainClassData_Aug2020/Training/Wheat_Spelt/WHITESparse_series1_20_08_20_13_05_51.npy
1266,Deep_learning_in_food/Hyperspectral_Image_data/GrainClassData_Aug2020/Training/Wheat_Spelt/WHITESparse_series1_20_08_20_13_06_22.jpg
1267,Deep_learning_in_food/Hyperspectral_Image_data/GrainClassData_Aug2020/Training/Wheat_Spelt/WHITESparse_series1_20_08_20_13_06_22.npy
1268,Deep_learning_in_food/Hyperspectral_Image_data/GrainClassData_Aug2020/Training/Wheat_Spelt/WHITESparse_Series1_20_09_07_13_25_18.jpg
1269,Deep_learning_in_food/Hyperspectral_Image_data/GrainClassData_Aug2020/Training/Wheat_Spelt/WHITESparse_Series1_20_09_07_13_25_18.npy
1270,Deep_learning_in_food/Hyperspectral_Image_data/GrainClassData_Aug2020/Training/Wheat_Spelt/WHITESparse_Series1_20_09_07_13_26_26.jpg
1271,Deep_learning_in_food/Hyperspectral_Image_data/GrainClassData_Aug2020/Training/Wheat_Spelt/WHITESparse_Series1_20_09_07_13_26_26.npy
1272,Deep_learning_in_food/Hyperspectral_Image_data/GrainClassData_Aug2020/Training/Wheat_Spelt/WHITESparse_Series1_20_09_07_13_27_02.jpg
1273,Deep_learning_in_food/Hyperspectral_Image_data/GrainClassData_Aug2020/Training/Wheat_Spelt/WHITESparse_Series1_20_09_07_13_27_02.npy
1274,Deep_learning_in_food/Hyperspectral_Image_data/GrainClassData_Aug2020/Training/Wheat_Spelt/WHITESparse_Series1_20_09_07_13_31_40.jpg
1275,Deep_learning_in_food/Hyperspectral_Image_data/GrainClassData_Aug2020/Training/Wheat_Spelt/WHITESparse_Series1_20_09_07_13_31_40.npy
1276,Deep_learning_in_food/Hyperspectral_Image_data/GrainClassData_Aug2020/Training/Wheat_Spelt/WHITESparse_Series1_20_09_07_13_33_05.jpg
1277,Deep_learning_in_food/Hyperspectral_Image_data/GrainClassData_Aug2020/Training/Wheat_Spelt/WHITESparse_Series1_20_09_07_13_33_05.npy
1278,Deep_learning_in_food/Hyperspectral_Image_data/GrainClassData_Aug2020/Training/Wheat_Spelt/WHITESparse_Series1_20_09_07_13_34_02.jpg
1279,Deep_learning_in_food/Hyperspectral_Image_data/GrainClassData_Aug2020/Training/Wheat_Spelt/WHITESparse_Series1_20_09_07_13_34_02.npy
1280,Deep_learning_in_food/Hyperspectral_Image_data/GrainClassData_Aug2020/Validation/Rye_Midsummer/Dense_series1_20_08_18_13_06_30.cdf
1281,Deep_learning_in_food/Hyperspectral_Image_data/GrainClassData_Aug2020/Validation/Rye_Midsummer/Dense_series1_20_08_18_13_06_30.jpg
1282,Deep_learning_in_food/Hyperspectral_Image_data/GrainClassData_Aug2020/Validation/Rye_Midsummer/Dense_series1_20_08_18_13_13_09.cdf
1283,Deep_learning_in_food/Hyperspectral_Image_data/GrainClassData_Aug2020/Validation/Rye_Midsummer/Dense_series1_20_08_18_13_13_09.jpg
1284,Deep_learning_in_food/Hyperspectral_Image_data/GrainClassData_Aug2020/Validation/Rye_Midsummer/Dense_Series1_20_09_08_08_51_07.cdf
1285,Deep_learning_in_food/Hyperspectral_Image_data/GrainClassData_Aug2020/Validation/Rye_Midsummer/Dense_Series1_20_09_08_08_51_07.jpg
1286,Deep_learning_in_food/Hyperspectral_Image_data/GrainClassData_Aug2020/Validation/Rye_Midsummer/Dense_Series1_20_09_08_08_51_41.cdf
1287,Deep_learning_in_food/Hyperspectral_Image_data/GrainClassData_Aug2020/Validation/Rye_Midsummer/Dense_Series1_20_09_08_08_51_41.jpg
1288,Deep_learning_in_food/Hyperspectral_Image_data/GrainClassData_Aug2020/Validation/Rye_Midsummer/Dense_series2_20_08_18_13_16_24.cdf
1289,Deep_learning_in_food/Hyperspectral_Image_data/GrainClassData_Aug2020/Validation/Rye_Midsummer/Dense_series2_20_08_18_13_16_24.jpg
1290,Deep_learning_in_food/Hyperspectral_Image_data/GrainClassData_Aug2020/Validation/Rye_Midsummer/Dense_series2_20_08_18_13_17_37.cdf
1291,Deep_learning_in_food/Hyperspectral_Image_data/GrainClassData_Aug2020/Validation/Rye_Midsummer/Dense_series2_20_08_18_13_17_37.jpg
1292,Deep_learning_in_food/Hyperspectral_Image_data/GrainClassData_Aug2020/Validation/Rye_Midsummer/Dense_Series2_20_09_08_08_52_25.cdf
1293,Deep_learning_in_food/Hyperspectral_Image_data/GrainClassData_Aug2020/Validation/Rye_Midsummer/Dense_Series2_20_09_08_08_52_25.jpg
1294,Deep_learning_in_food/Hyperspectral_Image_data/GrainClassData_Aug2020/Validation/Rye_Midsummer/Dense_Series2_20_09_08_08_52_54.cdf
1295,Deep_learning_in_food/Hyperspectral_Image_data/GrainClassData_Aug2020/Validation/Rye_Midsummer/Dense_Series2_20_09_08_08_52_54.jpg
1296,Deep_learning_in_food/Hyperspectral_Image_data/GrainClassData_Aug2020/Validation/Rye_Midsummer/Dense_Series2_20_09_08_08_53_24.cdf
1297,Deep_learning_in_food/Hyperspectral_Image_data/GrainClassData_Aug2020/Validation/Rye_Midsummer/Dense_Series2_20_09_08_08_53_24.jpg
1298,Deep_learning_in_food/Hyperspectral_Image_data/GrainClassData_Aug2020/Validation/Rye_Midsummer/Dense_series3_20_08_18_13_19_27.cdf
1299,Deep_learning_in_food/Hyperspectral_Image_data/GrainClassData_Aug2020/Validation/Rye_Midsummer/Dense_series3_20_08_18_13_19_27.jpg
1300,Deep_learning_in_food/Hyperspectral_Image_data/GrainClassData_Aug2020/Validation/Rye_Midsummer/Sparse_series1_20_08_18_13_21_47.cdf
1301,Deep_learning_in_food/Hyperspectral_Image_data/GrainClassData_Aug2020/Validation/Rye_Midsummer/Sparse_series1_20_08_18_13_21_47.jpg
1302,Deep_learning_in_food/Hyperspectral_Image_data/GrainClassData_Aug2020/Validation/Rye_Midsummer/Sparse_series1_20_08_18_13_23_08.cdf
1303,Deep_learning_in_food/Hyperspectral_Image_data/GrainClassData_Aug2020/Validation/Rye_Midsummer/Sparse_series1_20_08_18_13_23_08.jpg
1304,Deep_learning_in_food/Hyperspectral_Image_data/GrainClassData_Aug2020/Validation/Rye_Midsummer/Sparse_series1_20_08_18_13_24_24.cdf
1305,Deep_learning_in_food/Hyperspectral_Image_data/GrainClassData_Aug2020/Validation/Rye_Midsummer/Sparse_series1_20_08_18_13_24_24.jpg
1306,Deep_learning_in_food/Hyperspectral_Image_data/GrainClassData_Aug2020/Validation/Rye_Midsummer/Sparse_Series1_20_09_08_08_54_13.cdf
1307,Deep_learning_in_food/Hyperspectral_Image_data/GrainClassData_Aug2020/Validation/Rye_Midsummer/Sparse_Series1_20_09_08_08_54_13.jpg
1308,Deep_learning_in_food/Hyperspectral_Image_data/GrainClassData_Aug2020/Validation/Rye_Midsummer/Sparse_Series1_20_09_08_08_54_46.cdf
1309,Deep_learning_in_food/Hyperspectral_Image_data/GrainClassData_Aug2020/Validation/Rye_Midsummer/Sparse_Series1_20_09_08_08_54_46.jpg
1310,Deep_learning_in_food/Hyperspectral_Image_data/GrainClassData_Aug2020/Validation/Rye_Midsummer/Sparse_Series1_20_09_08_08_55_17.cdf
1311,Deep_learning_in_food/Hyperspectral_Image_data/GrainClassData_Aug2020/Validation/Rye_Midsummer/Sparse_Series1_20_09_08_08_55_17.jpg
1312,Deep_learning_in_food/Hyperspectral_Image_data/GrainClassData_Aug2020/Validation/Rye_Midsummer/WHITEDense_series1_20_08_18_13_06_30.jpg
1313,Deep_learning_in_food/Hyperspectral_Image_data/GrainClassData_Aug2020/Validation/Rye_Midsummer/WHITEDense_series1_20_08_18_13_06_30.npy
1314,Deep_learning_in_food/Hyperspectral_Image_data/GrainClassData_Aug2020/Validation/Rye_Midsummer/WHITEDense_series1_20_08_18_13_13_09.jpg
1315,Deep_learning_in_food/Hyperspectral_Image_data/GrainClassData_Aug2020/Validation/Rye_Midsummer/WHITEDense_series1_20_08_18_13_13_09.npy
1316,Deep_learning_in_food/Hyperspectral_Image_data/GrainClassData_Aug2020/Validation/Rye_Midsummer/WHITEDense_Series1_20_09_08_08_51_07.jpg
1317,Deep_learning_in_food/Hyperspectral_Image_data/GrainClassData_Aug2020/Validation/Rye_Midsummer/WHITEDense_Series1_20_09_08_08_51_07.npy
1318,Deep_learning_in_food/Hyperspectral_Image_data/GrainClassData_Aug2020/Validation/Rye_Midsummer/WHITEDense_Series1_20_09_08_08_51_41.jpg
1319,Deep_learning_in_food/Hyperspectral_Image_data/GrainClassData_Aug2020/Validation/Rye_Midsummer/WHITEDense_Series1_20_09_08_08_51_41.npy
1320,Deep_learning_in_food/Hyperspectral_Image_data/GrainClassData_Aug2020/Validation/Rye_Midsummer/WHITEDense_series2_20_08_18_13_16_24.jpg
1321,Deep_learning_in_food/Hyperspectral_Image_data/GrainClassData_Aug2020/Validation/Rye_Midsummer/WHITEDense_series2_20_08_18_13_16_24.npy
1322,Deep_learning_in_food/Hyperspectral_Image_data/GrainClassData_Aug2020/Validation/Rye_Midsummer/WHITEDense_series2_20_08_18_13_17_37.jpg
1323,Deep_learning_in_food/Hyperspectral_Image_data/GrainClassData_Aug2020/Validation/Rye_Midsummer/WHITEDense_series2_20_08_18_13_17_37.npy
1324,Deep_learning_in_food/Hyperspectral_Image_data/GrainClassData_Aug2020/Validation/Rye_Midsummer/WHITEDense_Series2_20_09_08_08_52_25.jpg
1325,Deep_learning_in_food/Hyperspectral_Image_data/GrainClassData_Aug2020/Validation/Rye_Midsummer/WHITEDense_Series2_20_09_08_08_52_25.npy
1326,Deep_learning_in_food/Hyperspectral_Image_data/GrainClassData_Aug2020/Validation/Rye_Midsummer/WHITEDense_Series2_20_09_08_08_52_54.jpg
1327,Deep_learning_in_food/Hyperspectral_Image_data/GrainClassData_Aug2020/Validation/Rye_Midsummer/WHITEDense_Series2_20_09_08_08_52_54.npy
1328,Deep_learning_in_food/Hyperspectral_Image_data/GrainClassData_Aug2020/Validation/Rye_Midsummer/WHITEDense_Series2_20_09_08_08_53_24.jpg
1329,Deep_learning_in_food/Hyperspectral_Image_data/GrainClassData_Aug2020/Validation/Rye_Midsummer/WHITEDense_Series2_20_09_08_08_53_24.npy
1330,Deep_learning_in_food/Hyperspectral_Image_data/GrainClassData_Aug2020/Validation/Rye_Midsummer/WHITEDense_series3_20_08_18_13_19_27.jpg
1331,Deep_learning_in_food/Hyperspectral_Image_data/GrainClassData_Aug2020/Validation/Rye_Midsummer/WHITEDense_series3_20_08_18_13_19_27.npy
1332,Deep_learning_in_food/Hyperspectral_Image_data/GrainClassData_Aug2020/Validation/Rye_Midsummer/WHITESparse_series1_20_08_18_13_21_47.jpg
1333,Deep_learning_in_food/Hyperspectral_Image_data/GrainClassData_Aug2020/Validation/Rye_Midsummer/WHITESparse_series1_20_08_18_13_21_47.npy
1334,Deep_learning_in_food/Hyperspectral_Image_data/GrainClassData_Aug2020/Validation/Rye_Midsummer/WHITESparse_series1_20_08_18_13_23_08.jpg
1335,Deep_learning_in_food/Hyperspectral_Image_data/GrainClassData_Aug2020/Validation/Rye_Midsummer/WHITESparse_series1_20_08_18_13_23_08.npy
1336,Deep_learning_in_food/Hyperspectral_Image_data/GrainClassData_Aug2020/Validation/Rye_Midsummer/WHITESparse_series1_20_08_18_13_24_24.jpg
1337,Deep_learning_in_food/Hyperspectral_Image_data/GrainClassData_Aug2020/Validation/Rye_Midsummer/WHITESparse_series1_20_08_18_13_24_24.npy
1338,Deep_learning_in_food/Hyperspectral_Image_data/GrainClassData_Aug2020/Validation/Rye_Midsummer/WHITESparse_Series1_20_09_08_08_54_13.jpg
1339,Deep_learning_in_food/Hyperspectral_Image_data/GrainClassData_Aug2020/Validation/Rye_Midsummer/WHITESparse_Series1_20_09_08_08_54_13.npy
1340,Deep_learning_in_food/Hyperspectral_Image_data/GrainClassData_Aug2020/Validation/Rye_Midsummer/WHITESparse_Series1_20_09_08_08_54_46.jpg
1341,Deep_learning_in_food/Hyperspectral_Image_data/GrainClassData_Aug2020/Validation/Rye_Midsummer/WHITESparse_Series1_20_09_08_08_54_46.npy
1342,Deep_learning_in_food/Hyperspectral_Image_data/GrainClassData_Aug2020/Validation/Rye_Midsummer/WHITESparse_Series1_20_09_08_08_55_17.jpg
1343,Deep_learning_in_food/Hyperspectral_Image_data/GrainClassData_Aug2020/Validation/Rye_Midsummer/WHITESparse_Series1_20_09_08_08_55_17.npy
1344,Deep_learning_in_food/Hyperspectral_Image_data/GrainClassData_Aug2020/Validation/Wheat_H1/Dense_series1_20_08_18_13_44_57.cdf
1345,Deep_learning_in_food/Hyperspectral_Image_data/GrainClassData_Aug2020/Validation/Wheat_H1/Dense_series1_20_08_18_13_44_57.jpg
1346,Deep_learning_in_food/Hyperspectral_Image_data/GrainClassData_Aug2020/Validation/Wheat_H1/Dense_series1_20_08_18_13_46_02.cdf
1347,Deep_learning_in_food/Hyperspectral_Image_data/GrainClassData_Aug2020/Validation/Wheat_H1/Dense_series1_20_08_18_13_46_02.jpg
1348,Deep_learning_in_food/Hyperspectral_Image_data/GrainClassData_Aug2020/Validation/Wheat_H1/Dense_Series1_20_09_08_07_54_51.cdf
1349,Deep_learning_in_food/Hyperspectral_Image_data/GrainClassData_Aug2020/Validation/Wheat_H1/Dense_Series1_20_09_08_07_54_51.jpg
1350,Deep_learning_in_food/Hyperspectral_Image_data/GrainClassData_Aug2020/Validation/Wheat_H1/Dense_Series1_20_09_08_07_55_31.cdf
1351,Deep_learning_in_food/Hyperspectral_Image_data/GrainClassData_Aug2020/Validation/Wheat_H1/Dense_Series1_20_09_08_07_55_31.jpg
1352,Deep_learning_in_food/Hyperspectral_Image_data/GrainClassData_Aug2020/Validation/Wheat_H1/Dense_series2_20_08_18_13_49_00.cdf
1353,Deep_learning_in_food/Hyperspectral_Image_data/GrainClassData_Aug2020/Validation/Wheat_H1/Dense_series2_20_08_18_13_49_00.jpg
1354,Deep_learning_in_food/Hyperspectral_Image_data/GrainClassData_Aug2020/Validation/Wheat_H1/Dense_series2_20_08_18_13_49_55.cdf
1355,Deep_learning_in_food/Hyperspectral_Image_data/GrainClassData_Aug2020/Validation/Wheat_H1/Dense_series2_20_08_18_13_49_55.jpg
1356,Deep_learning_in_food/Hyperspectral_Image_data/GrainClassData_Aug2020/Validation/Wheat_H1/Dense_Series2_20_09_08_07_57_15.cdf
1357,Deep_learning_in_food/Hyperspectral_Image_data/GrainClassData_Aug2020/Validation/Wheat_H1/Dense_Series2_20_09_08_07_57_15.jpg
1358,Deep_learning_in_food/Hyperspectral_Image_data/GrainClassData_Aug2020/Validation/Wheat_H1/Dense_series3_20_08_18_13_52_29.cdf
1359,Deep_learning_in_food/Hyperspectral_Image_data/GrainClassData_Aug2020/Validation/Wheat_H1/Dense_series3_20_08_18_13_52_29.jpg
1360,Deep_learning_in_food/Hyperspectral_Image_data/GrainClassData_Aug2020/Validation/Wheat_H1/Dense_Series3_20_09_08_07_57_55.cdf
1361,Deep_learning_in_food/Hyperspectral_Image_data/GrainClassData_Aug2020/Validation/Wheat_H1/Dense_Series3_20_09_08_07_57_55.jpg
1362,Deep_learning_in_food/Hyperspectral_Image_data/GrainClassData_Aug2020/Validation/Wheat_H1/Dense_Series3_20_09_08_07_58_28.cdf
1363,Deep_learning_in_food/Hyperspectral_Image_data/GrainClassData_Aug2020/Validation/Wheat_H1/Dense_Series3_20_09_08_07_58_28.jpg
1364,Deep_learning_in_food/Hyperspectral_Image_data/GrainClassData_Aug2020/Validation/Wheat_H1/Sparse_series1_20_08_18_13_54_51.cdf
1365,Deep_learning_in_food/Hyperspectral_Image_data/GrainClassData_Aug2020/Validation/Wheat_H1/Sparse_series1_20_08_18_13_54_51.jpg
1366,Deep_learning_in_food/Hyperspectral_Image_data/GrainClassData_Aug2020/Validation/Wheat_H1/Sparse_series1_20_08_18_13_55_43.cdf
1367,Deep_learning_in_food/Hyperspectral_Image_data/GrainClassData_Aug2020/Validation/Wheat_H1/Sparse_series1_20_08_18_13_55_43.jpg
1368,Deep_learning_in_food/Hyperspectral_Image_data/GrainClassData_Aug2020/Validation/Wheat_H1/Sparse_series1_20_08_18_13_56_28.cdf
1369,Deep_learning_in_food/Hyperspectral_Image_data/GrainClassData_Aug2020/Validation/Wheat_H1/Sparse_series1_20_08_18_13_56_28.jpg
1370,Deep_learning_in_food/Hyperspectral_Image_data/GrainClassData_Aug2020/Validation/Wheat_H1/Sparse_Series1_20_09_08_07_59_17.cdf
1371,Deep_learning_in_food/Hyperspectral_Image_data/GrainClassData_Aug2020/Validation/Wheat_H1/Sparse_Series1_20_09_08_07_59_17.jpg
1372,Deep_learning_in_food/Hyperspectral_Image_data/GrainClassData_Aug2020/Validation/Wheat_H1/Sparse_Series1_20_09_08_07_59_47.cdf
1373,Deep_learning_in_food/Hyperspectral_Image_data/GrainClassData_Aug2020/Validation/Wheat_H1/Sparse_Series1_20_09_08_07_59_47.jpg
1374,Deep_learning_in_food/Hyperspectral_Image_data/GrainClassData_Aug2020/Validation/Wheat_H1/Sparse_Series1_20_09_08_08_04_08.cdf
1375,Deep_learning_in_food/Hyperspectral_Image_data/GrainClassData_Aug2020/Validation/Wheat_H1/Sparse_Series1_20_09_08_08_04_08.jpg
1376,Deep_learning_in_food/Hyperspectral_Image_data/GrainClassData_Aug2020/Validation/Wheat_H1/WHITEDense_series1_20_08_18_13_44_57.jpg
1377,Deep_learning_in_food/Hyperspectral_Image_data/GrainClassData_Aug2020/Validation/Wheat_H1/WHITEDense_series1_20_08_18_13_44_57.npy
1378,Deep_learning_in_food/Hyperspectral_Image_data/GrainClassData_Aug2020/Validation/Wheat_H1/WHITEDense_series1_20_08_18_13_46_02.jpg
1379,Deep_learning_in_food/Hyperspectral_Image_data/GrainClassData_Aug2020/Validation/Wheat_H1/WHITEDense_series1_20_08_18_13_46_02.npy
1380,Deep_learning_in_food/Hyperspectral_Image_data/GrainClassData_Aug2020/Validation/Wheat_H1/WHITEDense_Series1_20_09_08_07_54_51.jpg
1381,Deep_learning_in_food/Hyperspectral_Image_data/GrainClassData_Aug2020/Validation/Wheat_H1/WHITEDense_Series1_20_09_08_07_54_51.npy
1382,Deep_learning_in_food/Hyperspectral_Image_data/GrainClassData_Aug2020/Validation/Wheat_H1/WHITEDense_Series1_20_09_08_07_55_31.jpg
1383,Deep_learning_in_food/Hyperspectral_Image_data/GrainClassData_Aug2020/Validation/Wheat_H1/WHITEDense_Series1_20_09_08_07_55_31.npy
1384,Deep_learning_in_food/Hyperspectral_Image_data/GrainClassData_Aug2020/Validation/Wheat_H1/WHITEDense_series2_20_08_18_13_49_00.jpg
1385,Deep_learning_in_food/Hyperspectral_Image_data/GrainClassData_Aug2020/Validation/Wheat_H1/WHITEDense_series2_20_08_18_13_49_00.npy
1386,Deep_learning_in_food/Hyperspectral_Image_data/GrainClassData_Aug2020/Validation/Wheat_H1/WHITEDense_series2_20_08_18_13_49_55.jpg
1387,Deep_learning_in_food/Hyperspectral_Image_data/GrainClassData_Aug2020/Validation/Wheat_H1/WHITEDense_series2_20_08_18_13_49_55.npy
1388,Deep_learning_in_food/Hyperspectral_Image_data/GrainClassData_Aug2020/Validation/Wheat_H1/WHITEDense_Series2_20_09_08_07_57_15.jpg
1389,Deep_learning_in_food/Hyperspectral_Image_data/GrainClassData_Aug2020/Validation/Wheat_H1/WHITEDense_Series2_20_09_08_07_57_15.npy
1390,Deep_learning_in_food/Hyperspectral_Image_data/GrainClassData_Aug2020/Validation/Wheat_H1/WHITEDense_series3_20_08_18_13_52_29.npy
1391,Deep_learning_in_food/Hyperspectral_Image_data/GrainClassData_Aug2020/Validation/Wheat_H1/WHITEDense_Series3_20_09_08_07_57_55.jpg
1392,Deep_learning_in_food/Hyperspectral_Image_data/GrainClassData_Aug2020/Validation/Wheat_H1/WHITEDense_Series3_20_09_08_07_57_55.npy
1393,Deep_learning_in_food/Hyperspectral_Image_data/GrainClassData_Aug2020/Validation/Wheat_H1/WHITEDense_Series3_20_09_08_07_58_28.jpg
1394,Deep_learning_in_food/Hyperspectral_Image_data/GrainClassData_Aug2020/Validation/Wheat_H1/WHITEDense_Series3_20_09_08_07_58_28.npy
1395,Deep_learning_in_food/Hyperspectral_Image_data/GrainClassData_Aug2020/Validation/Wheat_H1/WHITESparse_series1_20_08_18_13_52_29.jpg
1396,Deep_learning_in_food/Hyperspectral_Image_data/GrainClassData_Aug2020/Validation/Wheat_H1/WHITESparse_series1_20_08_18_13_54_51.jpg
1397,Deep_learning_in_food/Hyperspectral_Image_data/GrainClassData_Aug2020/Validation/Wheat_H1/WHITESparse_series1_20_08_18_13_54_51.npy
1398,Deep_learning_in_food/Hyperspectral_Image_data/GrainClassData_Aug2020/Validation/Wheat_H1/WHITESparse_series1_20_08_18_13_55_43.jpg
1399,Deep_learning_in_food/Hyperspectral_Image_data/GrainClassData_Aug2020/Validation/Wheat_H1/WHITESparse_series1_20_08_18_13_55_43.npy
1400,Deep_learning_in_food/Hyperspectral_Image_data/GrainClassData_Aug2020/Validation/Wheat_H1/WHITESparse_series1_20_08_18_13_56_28.jpg
1401,Deep_learning_in_food/Hyperspectral_Image_data/GrainClassData_Aug2020/Validation/Wheat_H1/WHITESparse_series1_20_08_18_13_56_28.npy
1402,Deep_learning_in_food/Hyperspectral_Image_data/GrainClassData_Aug2020/Validation/Wheat_H1/WHITESparse_Series1_20_09_08_07_59_17.jpg
1403,Deep_learning_in_food/Hyperspectral_Image_data/GrainClassData_Aug2020/Validation/Wheat_H1/WHITESparse_Series1_20_09_08_07_59_17.npy
1404,Deep_learning_in_food/Hyperspectral_Image_data/GrainClassData_Aug2020/Validation/Wheat_H1/WHITESparse_Series1_20_09_08_07_59_47.jpg
1405,Deep_learning_in_food/Hyperspectral_Image_data/GrainClassData_Aug2020/Validation/Wheat_H1/WHITESparse_Series1_20_09_08_07_59_47.npy
1406,Deep_learning_in_food/Hyperspectral_Image_data/GrainClassData_Aug2020/Validation/Wheat_H1/WHITESparse_Series1_20_09_08_08_04_08.jpg
1407,Deep_learning_in_food/Hyperspectral_Image_data/GrainClassData_Aug2020/Validation/Wheat_H1/WHITESparse_Series1_20_09_08_08_04_08.npy
1408,Deep_learning_in_food/Hyperspectral_Image_data/GrainClassData_Aug2020/Validation/Wheat_H3/Dense_series1_20_08_19_13_02_04.cdf
1409,Deep_learning_in_food/Hyperspectral_Image_data/GrainClassData_Aug2020/Validation/Wheat_H3/Dense_series1_20_08_19_13_02_04.jpg
1410,Deep_learning_in_food/Hyperspectral_Image_data/GrainClassData_Aug2020/Validation/Wheat_H3/Dense_series1_20_08_19_13_02_51.cdf
1411,Deep_learning_in_food/Hyperspectral_Image_data/GrainClassData_Aug2020/Validation/Wheat_H3/Dense_series1_20_08_19_13_02_51.jpg
1412,Deep_learning_in_food/Hyperspectral_Image_data/GrainClassData_Aug2020/Validation/Wheat_H3/Dense_Series1_20_09_08_08_14_46.cdf
1413,Deep_learning_in_food/Hyperspectral_Image_data/GrainClassData_Aug2020/Validation/Wheat_H3/Dense_Series1_20_09_08_08_14_46.jpg
1414,Deep_learning_in_food/Hyperspectral_Image_data/GrainClassData_Aug2020/Validation/Wheat_H3/Dense_Series1_20_09_08_08_15_19.cdf
1415,Deep_learning_in_food/Hyperspectral_Image_data/GrainClassData_Aug2020/Validation/Wheat_H3/Dense_Series1_20_09_08_08_15_19.jpg
1416,Deep_learning_in_food/Hyperspectral_Image_data/GrainClassData_Aug2020/Validation/Wheat_H3/Dense_series2_20_08_19_13_04_05.cdf
1417,Deep_learning_in_food/Hyperspectral_Image_data/GrainClassData_Aug2020/Validation/Wheat_H3/Dense_series2_20_08_19_13_04_05.jpg
1418,Deep_learning_in_food/Hyperspectral_Image_data/GrainClassData_Aug2020/Validation/Wheat_H3/Dense_series2_20_08_19_13_06_14.cdf
1419,Deep_learning_in_food/Hyperspectral_Image_data/GrainClassData_Aug2020/Validation/Wheat_H3/Dense_series2_20_08_19_13_06_14.jpg
1420,Deep_learning_in_food/Hyperspectral_Image_data/GrainClassData_Aug2020/Validation/Wheat_H3/Dense_Series2_20_09_08_08_15_53.cdf
1421,Deep_learning_in_food/Hyperspectral_Image_data/GrainClassData_Aug2020/Validation/Wheat_H3/Dense_Series2_20_09_08_08_15_53.jpg
1422,Deep_learning_in_food/Hyperspectral_Image_data/GrainClassData_Aug2020/Validation/Wheat_H3/Dense_Series2_20_09_08_08_16_26.cdf
1423,Deep_learning_in_food/Hyperspectral_Image_data/GrainClassData_Aug2020/Validation/Wheat_H3/Dense_Series2_20_09_08_08_16_26.jpg
1424,Deep_learning_in_food/Hyperspectral_Image_data/GrainClassData_Aug2020/Validation/Wheat_H3/Dense_series3_20_08_19_13_08_25.cdf
1425,Deep_learning_in_food/Hyperspectral_Image_data/GrainClassData_Aug2020/Validation/Wheat_H3/Dense_series3_20_08_19_13_08_25.jpg
1426,Deep_learning_in_food/Hyperspectral_Image_data/GrainClassData_Aug2020/Validation/Wheat_H3/Dense_Series3_20_09_08_08_17_09.cdf
1427,Deep_learning_in_food/Hyperspectral_Image_data/GrainClassData_Aug2020/Validation/Wheat_H3/Dense_Series3_20_09_08_08_17_09.jpg
1428,Deep_learning_in_food/Hyperspectral_Image_data/GrainClassData_Aug2020/Validation/Wheat_H3/Sparse_series1_20_08_19_13_09_49.cdf
1429,Deep_learning_in_food/Hyperspectral_Image_data/GrainClassData_Aug2020/Validation/Wheat_H3/Sparse_series1_20_08_19_13_09_49.jpg
1430,Deep_learning_in_food/Hyperspectral_Image_data/GrainClassData_Aug2020/Validation/Wheat_H3/Sparse_series1_20_08_19_13_10_39.cdf
1431,Deep_learning_in_food/Hyperspectral_Image_data/GrainClassData_Aug2020/Validation/Wheat_H3/Sparse_series1_20_08_19_13_10_39.jpg
1432,Deep_learning_in_food/Hyperspectral_Image_data/GrainClassData_Aug2020/Validation/Wheat_H3/Sparse_series1_20_08_19_13_11_32.cdf
1433,Deep_learning_in_food/Hyperspectral_Image_data/GrainClassData_Aug2020/Validation/Wheat_H3/Sparse_series1_20_08_19_13_11_32.jpg
1434,Deep_learning_in_food/Hyperspectral_Image_data/GrainClassData_Aug2020/Validation/Wheat_H3/Sparse_Series1_20_09_08_08_17_50.cdf
1435,Deep_learning_in_food/Hyperspectral_Image_data/GrainClassData_Aug2020/Validation/Wheat_H3/Sparse_Series1_20_09_08_08_17_50.jpg
1436,Deep_learning_in_food/Hyperspectral_Image_data/GrainClassData_Aug2020/Validation/Wheat_H3/Sparse_Series1_20_09_08_08_18_24.cdf
1437,Deep_learning_in_food/Hyperspectral_Image_data/GrainClassData_Aug2020/Validation/Wheat_H3/Sparse_Series1_20_09_08_08_18_24.jpg
1438,Deep_learning_in_food/Hyperspectral_Image_data/GrainClassData_Aug2020/Validation/Wheat_H3/Sparse_Series1_20_09_08_08_18_54.cdf
1439,Deep_learning_in_food/Hyperspectral_Image_data/GrainClassData_Aug2020/Validation/Wheat_H3/Sparse_Series1_20_09_08_08_18_54.jpg
1440,Deep_learning_in_food/Hyperspectral_Image_data/GrainClassData_Aug2020/Validation/Wheat_H3/WHITEDense_series1_20_08_19_13_02_04.jpg
1441,Deep_learning_in_food/Hyperspectral_Image_data/GrainClassData_Aug2020/Validation/Wheat_H3/WHITEDense_series1_20_08_19_13_02_04.npy
1442,Deep_learning_in_food/Hyperspectral_Image_data/GrainClassData_Aug2020/Validation/Wheat_H3/WHITEDense_series1_20_08_19_13_02_51.jpg
1443,Deep_learning_in_food/Hyperspectral_Image_data/GrainClassData_Aug2020/Validation/Wheat_H3/WHITEDense_series1_20_08_19_13_02_51.npy
1444,Deep_learning_in_food/Hyperspectral_Image_data/GrainClassData_Aug2020/Validation/Wheat_H3/WHITEDense_Series1_20_09_08_08_14_46.jpg
1445,Deep_learning_in_food/Hyperspectral_Image_data/GrainClassData_Aug2020/Validation/Wheat_H3/WHITEDense_Series1_20_09_08_08_14_46.npy
1446,Deep_learning_in_food/Hyperspectral_Image_data/GrainClassData_Aug2020/Validation/Wheat_H3/WHITEDense_Series1_20_09_08_08_15_19.jpg
1447,Deep_learning_in_food/Hyperspectral_Image_data/GrainClassData_Aug2020/Validation/Wheat_H3/WHITEDense_Series1_20_09_08_08_15_19.npy
1448,Deep_learning_in_food/Hyperspectral_Image_data/GrainClassData_Aug2020/Validation/Wheat_H3/WHITEDense_series2_20_08_19_13_04_05.jpg
1449,Deep_learning_in_food/Hyperspectral_Image_data/GrainClassData_Aug2020/Validation/Wheat_H3/WHITEDense_series2_20_08_19_13_04_05.npy
1450,Deep_learning_in_food/Hyperspectral_Image_data/GrainClassData_Aug2020/Validation/Wheat_H3/WHITEDense_series2_20_08_19_13_06_14.jpg
1451,Deep_learning_in_food/Hyperspectral_Image_data/GrainClassData_Aug2020/Validation/Wheat_H3/WHITEDense_series2_20_08_19_13_06_14.npy
1452,Deep_learning_in_food/Hyperspectral_Image_data/GrainClassData_Aug2020/Validation/Wheat_H3/WHITEDense_Series2_20_09_08_08_15_53.jpg
1453,Deep_learning_in_food/Hyperspectral_Image_data/GrainClassData_Aug2020/Validation/Wheat_H3/WHITEDense_Series2_20_09_08_08_15_53.npy
1454,Deep_learning_in_food/Hyperspectral_Image_data/GrainClassData_Aug2020/Validation/Wheat_H3/WHITEDense_Series2_20_09_08_08_16_26.jpg
1455,Deep_learning_in_food/Hyperspectral_Image_data/GrainClassData_Aug2020/Validation/Wheat_H3/WHITEDense_Series2_20_09_08_08_16_26.npy
1456,Deep_learning_in_food/Hyperspectral_Image_data/GrainClassData_Aug2020/Validation/Wheat_H3/WHITEDense_series3_20_08_19_13_08_25.jpg
1457,Deep_learning_in_food/Hyperspectral_Image_data/GrainClassData_Aug2020/Validation/Wheat_H3/WHITEDense_series3_20_08_19_13_08_25.npy
1458,Deep_learning_in_food/Hyperspectral_Image_data/GrainClassData_Aug2020/Validation/Wheat_H3/WHITEDense_Series3_20_09_08_08_17_09.jpg
1459,Deep_learning_in_food/Hyperspectral_Image_data/GrainClassData_Aug2020/Validation/Wheat_H3/WHITEDense_Series3_20_09_08_08_17_09.npy
1460,Deep_learning_in_food/Hyperspectral_Image_data/GrainClassData_Aug2020/Validation/Wheat_H3/WHITESparse_series1_20_08_19_13_09_49.jpg
1461,Deep_learning_in_food/Hyperspectral_Image_data/GrainClassData_Aug2020/Validation/Wheat_H3/WHITESparse_series1_20_08_19_13_09_49.npy
1462,Deep_learning_in_food/Hyperspectral_Image_data/GrainClassData_Aug2020/Validation/Wheat_H3/WHITESparse_series1_20_08_19_13_10_39.jpg
1463,Deep_learning_in_food/Hyperspectral_Image_data/GrainClassData_Aug2020/Validation/Wheat_H3/WHITESparse_series1_20_08_19_13_10_39.npy
1464,Deep_learning_in_food/Hyperspectral_Image_data/GrainClassData_Aug2020/Validation/Wheat_H3/WHITESparse_series1_20_08_19_13_11_32.jpg
1465,Deep_learning_in_food/Hyperspectral_Image_data/GrainClassData_Aug2020/Validation/Wheat_H3/WHITESparse_series1_20_08_19_13_11_32.npy
1466,Deep_learning_in_food/Hyperspectral_Image_data/GrainClassData_Aug2020/Validation/Wheat_H3/WHITESparse_Series1_20_09_08_08_17_50.jpg
1467,Deep_learning_in_food/Hyperspectral_Image_data/GrainClassData_Aug2020/Validation/Wheat_H3/WHITESparse_Series1_20_09_08_08_17_50.npy
1468,Deep_learning_in_food/Hyperspectral_Image_data/GrainClassData_Aug2020/Validation/Wheat_H3/WHITESparse_Series1_20_09_08_08_18_24.jpg
1469,Deep_learning_in_food/Hyperspectral_Image_data/GrainClassData_Aug2020/Validation/Wheat_H3/WHITESparse_Series1_20_09_08_08_18_24.npy
1470,Deep_learning_in_food/Hyperspectral_Image_data/GrainClassData_Aug2020/Validation/Wheat_H3/WHITESparse_Series1_20_09_08_08_18_54.jpg
1471,Deep_learning_in_food/Hyperspectral_Image_data/GrainClassData_Aug2020/Validation/Wheat_H3/WHITESparse_Series1_20_09_08_08_18_54.npy
1472,Deep_learning_in_food/Hyperspectral_Image_data/GrainClassData_Aug2020/Validation/Wheat_H4/Dense_series1_20_08_19_12_34_21.cdf
1473,Deep_learning_in_food/Hyperspectral_Image_data/GrainClassData_Aug2020/Validation/Wheat_H4/Dense_series1_20_08_19_12_34_21.jpg
1474,Deep_learning_in_food/Hyperspectral_Image_data/GrainClassData_Aug2020/Validation/Wheat_H4/Dense_series1_20_08_19_12_38_01.cdf
1475,Deep_learning_in_food/Hyperspectral_Image_data/GrainClassData_Aug2020/Validation/Wheat_H4/Dense_series1_20_08_19_12_38_01.jpg
1476,Deep_learning_in_food/Hyperspectral_Image_data/GrainClassData_Aug2020/Validation/Wheat_H4/Dense_Series1_20_09_08_08_07_39.cdf
1477,Deep_learning_in_food/Hyperspectral_Image_data/GrainClassData_Aug2020/Validation/Wheat_H4/Dense_Series1_20_09_08_08_07_39.jpg
1478,Deep_learning_in_food/Hyperspectral_Image_data/GrainClassData_Aug2020/Validation/Wheat_H4/Dense_Series1_20_09_08_08_08_12.cdf
1479,Deep_learning_in_food/Hyperspectral_Image_data/GrainClassData_Aug2020/Validation/Wheat_H4/Dense_Series1_20_09_08_08_08_12.jpg
1480,Deep_learning_in_food/Hyperspectral_Image_data/GrainClassData_Aug2020/Validation/Wheat_H4/Dense_series2_20_08_19_12_40_16.cdf
1481,Deep_learning_in_food/Hyperspectral_Image_data/GrainClassData_Aug2020/Validation/Wheat_H4/Dense_series2_20_08_19_12_40_16.jpg
1482,Deep_learning_in_food/Hyperspectral_Image_data/GrainClassData_Aug2020/Validation/Wheat_H4/Dense_series2_20_08_19_12_41_14.cdf
1483,Deep_learning_in_food/Hyperspectral_Image_data/GrainClassData_Aug2020/Validation/Wheat_H4/Dense_series2_20_08_19_12_41_14.jpg
1484,Deep_learning_in_food/Hyperspectral_Image_data/GrainClassData_Aug2020/Validation/Wheat_H4/Dense_Series2_20_09_08_08_08_56.cdf
1485,Deep_learning_in_food/Hyperspectral_Image_data/GrainClassData_Aug2020/Validation/Wheat_H4/Dense_Series2_20_09_08_08_08_56.jpg
1486,Deep_learning_in_food/Hyperspectral_Image_data/GrainClassData_Aug2020/Validation/Wheat_H4/Dense_Series2_20_09_08_08_09_26.cdf
1487,Deep_learning_in_food/Hyperspectral_Image_data/GrainClassData_Aug2020/Validation/Wheat_H4/Dense_Series2_20_09_08_08_09_26.jpg
1488,Deep_learning_in_food/Hyperspectral_Image_data/GrainClassData_Aug2020/Validation/Wheat_H4/Dense_series3_20_08_19_12_42_57.cdf
1489,Deep_learning_in_food/Hyperspectral_Image_data/GrainClassData_Aug2020/Validation/Wheat_H4/Dense_series3_20_08_19_12_42_57.jpg
1490,Deep_learning_in_food/Hyperspectral_Image_data/GrainClassData_Aug2020/Validation/Wheat_H4/Dense_Series3_20_09_08_08_10_01.cdf
1491,Deep_learning_in_food/Hyperspectral_Image_data/GrainClassData_Aug2020/Validation/Wheat_H4/Dense_Series3_20_09_08_08_10_01.jpg
1492,Deep_learning_in_food/Hyperspectral_Image_data/GrainClassData_Aug2020/Validation/Wheat_H4/Sparse_series1_20_08_19_12_44_33.cdf
1493,Deep_learning_in_food/Hyperspectral_Image_data/GrainClassData_Aug2020/Validation/Wheat_H4/Sparse_series1_20_08_19_12_44_33.jpg
1494,Deep_learning_in_food/Hyperspectral_Image_data/GrainClassData_Aug2020/Validation/Wheat_H4/Sparse_series1_20_08_19_12_45_14.cdf
1495,Deep_learning_in_food/Hyperspectral_Image_data/GrainClassData_Aug2020/Validation/Wheat_H4/Sparse_series1_20_08_19_12_45_14.jpg
1496,Deep_learning_in_food/Hyperspectral_Image_data/GrainClassData_Aug2020/Validation/Wheat_H4/Sparse_series1_20_08_19_12_46_25.cdf
1497,Deep_learning_in_food/Hyperspectral_Image_data/GrainClassData_Aug2020/Validation/Wheat_H4/Sparse_series1_20_08_19_12_46_25.jpg
1498,Deep_learning_in_food/Hyperspectral_Image_data/GrainClassData_Aug2020/Validation/Wheat_H4/Sparse_Series1_20_09_08_08_10_47.cdf
1499,Deep_learning_in_food/Hyperspectral_Image_data/GrainClassData_Aug2020/Validation/Wheat_H4/Sparse_Series1_20_09_08_08_10_47.jpg
1500,Deep_learning_in_food/Hyperspectral_Image_data/GrainClassData_Aug2020/Validation/Wheat_H4/Sparse_Series1_20_09_08_08_11_19.cdf
1501,Deep_learning_in_food/Hyperspectral_Image_data/GrainClassData_Aug2020/Validation/Wheat_H4/Sparse_Series1_20_09_08_08_11_19.jpg
1502,Deep_learning_in_food/Hyperspectral_Image_data/GrainClassData_Aug2020/Validation/Wheat_H4/Sparse_Series1_20_09_08_08_11_49.cdf
1503,Deep_learning_in_food/Hyperspectral_Image_data/GrainClassData_Aug2020/Validation/Wheat_H4/Sparse_Series1_20_09_08_08_11_49.jpg
1504,Deep_learning_in_food/Hyperspectral_Image_data/GrainClassData_Aug2020/Validation/Wheat_H4/WHITEDense_series1_20_08_19_12_34_21.jpg
1505,Deep_learning_in_food/Hyperspectral_Image_data/GrainClassData_Aug2020/Validation/Wheat_H4/WHITEDense_series1_20_08_19_12_34_21.npy
1506,Deep_learning_in_food/Hyperspectral_Image_data/GrainClassData_Aug2020/Validation/Wheat_H4/WHITEDense_series1_20_08_19_12_38_01.jpg
1507,Deep_learning_in_food/Hyperspectral_Image_data/GrainClassData_Aug2020/Validation/Wheat_H4/WHITEDense_series1_20_08_19_12_38_01.npy
1508,Deep_learning_in_food/Hyperspectral_Image_data/GrainClassData_Aug2020/Validation/Wheat_H4/WHITEDense_Series1_20_09_08_08_07_39.jpg
1509,Deep_learning_in_food/Hyperspectral_Image_data/GrainClassData_Aug2020/Validation/Wheat_H4/WHITEDense_Series1_20_09_08_08_07_39.npy
1510,Deep_learning_in_food/Hyperspectral_Image_data/GrainClassData_Aug2020/Validation/Wheat_H4/WHITEDense_Series1_20_09_08_08_08_12.jpg
1511,Deep_learning_in_food/Hyperspectral_Image_data/GrainClassData_Aug2020/Validation/Wheat_H4/WHITEDense_Series1_20_09_08_08_08_12.npy
1512,Deep_learning_in_food/Hyperspectral_Image_data/GrainClassData_Aug2020/Validation/Wheat_H4/WHITEDense_series2_20_08_19_12_40_16.jpg
1513,Deep_learning_in_food/Hyperspectral_Image_data/GrainClassData_Aug2020/Validation/Wheat_H4/WHITEDense_series2_20_08_19_12_40_16.npy
1514,Deep_learning_in_food/Hyperspectral_Image_data/GrainClassData_Aug2020/Validation/Wheat_H4/WHITEDense_series2_20_08_19_12_41_14.jpg
1515,Deep_learning_in_food/Hyperspectral_Image_data/GrainClassData_Aug2020/Validation/Wheat_H4/WHITEDense_series2_20_08_19_12_41_14.npy
1516,Deep_learning_in_food/Hyperspectral_Image_data/GrainClassData_Aug2020/Validation/Wheat_H4/WHITEDense_Series2_20_09_08_08_08_56.jpg
1517,Deep_learning_in_food/Hyperspectral_Image_data/GrainClassData_Aug2020/Validation/Wheat_H4/WHITEDense_Series2_20_09_08_08_08_56.npy
1518,Deep_learning_in_food/Hyperspectral_Image_data/GrainClassData_Aug2020/Validation/Wheat_H4/WHITEDense_Series2_20_09_08_08_09_26.jpg
1519,Deep_learning_in_food/Hyperspectral_Image_data/GrainClassData_Aug2020/Validation/Wheat_H4/WHITEDense_Series2_20_09_08_08_09_26.npy
1520,Deep_learning_in_food/Hyperspectral_Image_data/GrainClassData_Aug2020/Validation/Wheat_H4/WHITEDense_series3_20_08_19_12_42_57.jpg
1521,Deep_learning_in_food/Hyperspectral_Image_data/GrainClassData_Aug2020/Validation/Wheat_H4/WHITEDense_series3_20_08_19_12_42_57.npy
1522,Deep_learning_in_food/Hyperspectral_Image_data/GrainClassData_Aug2020/Validation/Wheat_H4/WHITEDense_Series3_20_09_08_08_10_01.jpg
1523,Deep_learning_in_food/Hyperspectral_Image_data/GrainClassData_Aug2020/Validation/Wheat_H4/WHITEDense_Series3_20_09_08_08_10_01.npy
1524,Deep_learning_in_food/Hyperspectral_Image_data/GrainClassData_Aug2020/Validation/Wheat_H4/WHITESparse_series1_20_08_19_12_44_33.jpg
1525,Deep_learning_in_food/Hyperspectral_Image_data/GrainClassData_Aug2020/Validation/Wheat_H4/WHITESparse_series1_20_08_19_12_44_33.npy
1526,Deep_learning_in_food/Hyperspectral_Image_data/GrainClassData_Aug2020/Validation/Wheat_H4/WHITESparse_series1_20_08_19_12_45_14.jpg
1527,Deep_learning_in_food/Hyperspectral_Image_data/GrainClassData_Aug2020/Validation/Wheat_H4/WHITESparse_series1_20_08_19_12_45_14.npy
1528,Deep_learning_in_food/Hyperspectral_Image_data/GrainClassData_Aug2020/Validation/Wheat_H4/WHITESparse_series1_20_08_19_12_46_25.jpg
1529,Deep_learning_in_food/Hyperspectral_Image_data/GrainClassData_Aug2020/Validation/Wheat_H4/WHITESparse_series1_20_08_19_12_46_25.npy
1530,Deep_learning_in_food/Hyperspectral_Image_data/GrainClassData_Aug2020/Validation/Wheat_H4/WHITESparse_Series1_20_09_08_08_10_47.jpg
1531,Deep_learning_in_food/Hyperspectral_Image_data/GrainClassData_Aug2020/Validation/Wheat_H4/WHITESparse_Series1_20_09_08_08_10_47.npy
1532,Deep_learning_in_food/Hyperspectral_Image_data/GrainClassData_Aug2020/Validation/Wheat_H4/WHITESparse_Series1_20_09_08_08_11_19.jpg
1533,Deep_learning_in_food/Hyperspectral_Image_data/GrainClassData_Aug2020/Validation/Wheat_H4/WHITESparse_Series1_20_09_08_08_11_19.npy
1534,Deep_learning_in_food/Hyperspectral_Image_data/GrainClassData_Aug2020/Validation/Wheat_H4/WHITESparse_Series1_20_09_08_08_11_49.jpg
1535,Deep_learning_in_food/Hyperspectral_Image_data/GrainClassData_Aug2020/Validation/Wheat_H4/WHITESparse_Series1_20_09_08_08_11_49.npy
1536,Deep_learning_in_food/Hyperspectral_Image_data/GrainClassData_Aug2020/Validation/Wheat_H5/Dense_series1_20_08_19_13_31_49.cdf
1537,Deep_learning_in_food/Hyperspectral_Image_data/GrainClassData_Aug2020/Validation/Wheat_H5/Dense_series1_20_08_19_13_31_49.jpg
1538,Deep_learning_in_food/Hyperspectral_Image_data/GrainClassData_Aug2020/Validation/Wheat_H5/Dense_series1_20_08_19_13_34_01.cdf
1539,Deep_learning_in_food/Hyperspectral_Image_data/GrainClassData_Aug2020/Validation/Wheat_H5/Dense_series1_20_08_19_13_34_01.jpg
1540,Deep_learning_in_food/Hyperspectral_Image_data/GrainClassData_Aug2020/Validation/Wheat_H5/Dense_Series1_20_09_08_08_32_06.cdf
1541,Deep_learning_in_food/Hyperspectral_Image_data/GrainClassData_Aug2020/Validation/Wheat_H5/Dense_Series1_20_09_08_08_32_06.jpg
1542,Deep_learning_in_food/Hyperspectral_Image_data/GrainClassData_Aug2020/Validation/Wheat_H5/Dense_Series1_20_09_08_08_32_38.cdf
1543,Deep_learning_in_food/Hyperspectral_Image_data/GrainClassData_Aug2020/Validation/Wheat_H5/Dense_Series1_20_09_08_08_32_38.jpg
1544,Deep_learning_in_food/Hyperspectral_Image_data/GrainClassData_Aug2020/Validation/Wheat_H5/Dense_series2_20_08_19_13_35_29.cdf
1545,Deep_learning_in_food/Hyperspectral_Image_data/GrainClassData_Aug2020/Validation/Wheat_H5/Dense_series2_20_08_19_13_35_29.jpg
1546,Deep_learning_in_food/Hyperspectral_Image_data/GrainClassData_Aug2020/Validation/Wheat_H5/Dense_series2_20_08_19_13_37_02.cdf
1547,Deep_learning_in_food/Hyperspectral_Image_data/GrainClassData_Aug2020/Validation/Wheat_H5/Dense_series2_20_08_19_13_37_02.jpg
1548,Deep_learning_in_food/Hyperspectral_Image_data/GrainClassData_Aug2020/Validation/Wheat_H5/Dense_Series2_20_09_08_08_33_15.cdf
1549,Deep_learning_in_food/Hyperspectral_Image_data/GrainClassData_Aug2020/Validation/Wheat_H5/Dense_Series2_20_09_08_08_33_15.jpg
1550,Deep_learning_in_food/Hyperspectral_Image_data/GrainClassData_Aug2020/Validation/Wheat_H5/Dense_Series2_20_09_08_08_34_00.cdf
1551,Deep_learning_in_food/Hyperspectral_Image_data/GrainClassData_Aug2020/Validation/Wheat_H5/Dense_Series2_20_09_08_08_34_00.jpg
1552,Deep_learning_in_food/Hyperspectral_Image_data/GrainClassData_Aug2020/Validation/Wheat_H5/Dense_series3_20_08_19_13_38_28.cdf
1553,Deep_learning_in_food/Hyperspectral_Image_data/GrainClassData_Aug2020/Validation/Wheat_H5/Dense_series3_20_08_19_13_38_28.jpg
1554,Deep_learning_in_food/Hyperspectral_Image_data/GrainClassData_Aug2020/Validation/Wheat_H5/Dense_Series3_20_09_08_08_34_45.cdf
1555,Deep_learning_in_food/Hyperspectral_Image_data/GrainClassData_Aug2020/Validation/Wheat_H5/Dense_Series3_20_09_08_08_34_45.jpg
1556,Deep_learning_in_food/Hyperspectral_Image_data/GrainClassData_Aug2020/Validation/Wheat_H5/Sparse_series1_20_08_19_13_40_19.cdf
1557,Deep_learning_in_food/Hyperspectral_Image_data/GrainClassData_Aug2020/Validation/Wheat_H5/Sparse_series1_20_08_19_13_40_19.jpg
1558,Deep_learning_in_food/Hyperspectral_Image_data/GrainClassData_Aug2020/Validation/Wheat_H5/Sparse_series1_20_08_19_13_41_06.cdf
1559,Deep_learning_in_food/Hyperspectral_Image_data/GrainClassData_Aug2020/Validation/Wheat_H5/Sparse_series1_20_08_19_13_41_06.jpg
1560,Deep_learning_in_food/Hyperspectral_Image_data/GrainClassData_Aug2020/Validation/Wheat_H5/Sparse_series1_20_08_19_13_42_15.cdf
1561,Deep_learning_in_food/Hyperspectral_Image_data/GrainClassData_Aug2020/Validation/Wheat_H5/Sparse_series1_20_08_19_13_42_15.jpg
1562,Deep_learning_in_food/Hyperspectral_Image_data/GrainClassData_Aug2020/Validation/Wheat_H5/Sparse_Series1_20_09_08_08_35_35.cdf
1563,Deep_learning_in_food/Hyperspectral_Image_data/GrainClassData_Aug2020/Validation/Wheat_H5/Sparse_Series1_20_09_08_08_35_35.jpg
1564,Deep_learning_in_food/Hyperspectral_Image_data/GrainClassData_Aug2020/Validation/Wheat_H5/Sparse_Series1_20_09_08_08_36_06.cdf
1565,Deep_learning_in_food/Hyperspectral_Image_data/GrainClassData_Aug2020/Validation/Wheat_H5/Sparse_Series1_20_09_08_08_36_06.jpg
1566,Deep_learning_in_food/Hyperspectral_Image_data/GrainClassData_Aug2020/Validation/Wheat_H5/Sparse_Series1_20_09_08_08_36_37.cdf
1567,Deep_learning_in_food/Hyperspectral_Image_data/GrainClassData_Aug2020/Validation/Wheat_H5/Sparse_Series1_20_09_08_08_36_37.jpg
1568,Deep_learning_in_food/Hyperspectral_Image_data/GrainClassData_Aug2020/Validation/Wheat_H5/WHITEDense_series1_20_08_19_13_31_49.jpg
1569,Deep_learning_in_food/Hyperspectral_Image_data/GrainClassData_Aug2020/Validation/Wheat_H5/WHITEDense_series1_20_08_19_13_31_49.npy
1570,Deep_learning_in_food/Hyperspectral_Image_data/GrainClassData_Aug2020/Validation/Wheat_H5/WHITEDense_series1_20_08_19_13_34_01.jpg
1571,Deep_learning_in_food/Hyperspectral_Image_data/GrainClassData_Aug2020/Validation/Wheat_H5/WHITEDense_series1_20_08_19_13_34_01.npy
1572,Deep_learning_in_food/Hyperspectral_Image_data/GrainClassData_Aug2020/Validation/Wheat_H5/WHITEDense_Series1_20_09_08_08_32_06.jpg
1573,Deep_learning_in_food/Hyperspectral_Image_data/GrainClassData_Aug2020/Validation/Wheat_H5/WHITEDense_Series1_20_09_08_08_32_06.npy
1574,Deep_learning_in_food/Hyperspectral_Image_data/GrainClassData_Aug2020/Validation/Wheat_H5/WHITEDense_Series1_20_09_08_08_32_38.jpg
1575,Deep_learning_in_food/Hyperspectral_Image_data/GrainClassData_Aug2020/Validation/Wheat_H5/WHITEDense_Series1_20_09_08_08_32_38.npy
1576,Deep_learning_in_food/Hyperspectral_Image_data/GrainClassData_Aug2020/Validation/Wheat_H5/WHITEDense_series2_20_08_19_13_35_29.jpg
1577,Deep_learning_in_food/Hyperspectral_Image_data/GrainClassData_Aug2020/Validation/Wheat_H5/WHITEDense_series2_20_08_19_13_35_29.npy
1578,Deep_learning_in_food/Hyperspectral_Image_data/GrainClassData_Aug2020/Validation/Wheat_H5/WHITEDense_series2_20_08_19_13_37_02.jpg
1579,Deep_learning_in_food/Hyperspectral_Image_data/GrainClassData_Aug2020/Validation/Wheat_H5/WHITEDense_series2_20_08_19_13_37_02.npy
1580,Deep_learning_in_food/Hyperspectral_Image_data/GrainClassData_Aug2020/Validation/Wheat_H5/WHITEDense_Series2_20_09_08_08_33_15.jpg
1581,Deep_learning_in_food/Hyperspectral_Image_data/GrainClassData_Aug2020/Validation/Wheat_H5/WHITEDense_Series2_20_09_08_08_33_15.npy
1582,Deep_learning_in_food/Hyperspectral_Image_data/GrainClassData_Aug2020/Validation/Wheat_H5/WHITEDense_Series2_20_09_08_08_34_00.jpg
1583,Deep_learning_in_food/Hyperspectral_Image_data/GrainClassData_Aug2020/Validation/Wheat_H5/WHITEDense_Series2_20_09_08_08_34_00.npy
1584,Deep_learning_in_food/Hyperspectral_Image_data/GrainClassData_Aug2020/Validation/Wheat_H5/WHITEDense_series3_20_08_19_13_38_28.jpg
1585,Deep_learning_in_food/Hyperspectral_Image_data/GrainClassData_Aug2020/Validation/Wheat_H5/WHITEDense_series3_20_08_19_13_38_28.npy
1586,Deep_learning_in_food/Hyperspectral_Image_data/GrainClassData_Aug2020/Validation/Wheat_H5/WHITEDense_Series3_20_09_08_08_34_45.jpg
1587,Deep_learning_in_food/Hyperspectral_Image_data/GrainClassData_Aug2020/Validation/Wheat_H5/WHITEDense_Series3_20_09_08_08_34_45.npy
1588,Deep_learning_in_food/Hyperspectral_Image_data/GrainClassData_Aug2020/Validation/Wheat_H5/WHITESparse_series1_20_08_19_13_40_19.jpg
1589,Deep_learning_in_food/Hyperspectral_Image_data/GrainClassData_Aug2020/Validation/Wheat_H5/WHITESparse_series1_20_08_19_13_40_19.npy
1590,Deep_learning_in_food/Hyperspectral_Image_data/GrainClassData_Aug2020/Validation/Wheat_H5/WHITESparse_series1_20_08_19_13_41_06.jpg
1591,Deep_learning_in_food/Hyperspectral_Image_data/GrainClassData_Aug2020/Validation/Wheat_H5/WHITESparse_series1_20_08_19_13_41_06.npy
1592,Deep_learning_in_food/Hyperspectral_Image_data/GrainClassData_Aug2020/Validation/Wheat_H5/WHITESparse_series1_20_08_19_13_42_15.jpg
1593,Deep_learning_in_food/Hyperspectral_Image_data/GrainClassData_Aug2020/Validation/Wheat_H5/WHITESparse_series1_20_08_19_13_42_15.npy
1594,Deep_learning_in_food/Hyperspectral_Image_data/GrainClassData_Aug2020/Validation/Wheat_H5/WHITESparse_Series1_20_09_08_08_35_35.jpg
1595,Deep_learning_in_food/Hyperspectral_Image_data/GrainClassData_Aug2020/Validation/Wheat_H5/WHITESparse_Series1_20_09_08_08_35_35.npy
1596,Deep_learning_in_food/Hyperspectral_Image_data/GrainClassData_Aug2020/Validation/Wheat_H5/WHITESparse_Series1_20_09_08_08_36_06.jpg
1597,Deep_learning_in_food/Hyperspectral_Image_data/GrainClassData_Aug2020/Validation/Wheat_H5/WHITESparse_Series1_20_09_08_08_36_06.npy
1598,Deep_learning_in_food/Hyperspectral_Image_data/GrainClassData_Aug2020/Validation/Wheat_H5/WHITESparse_Series1_20_09_08_08_36_37.jpg
1599,Deep_learning_in_food/Hyperspectral_Image_data/GrainClassData_Aug2020/Validation/Wheat_H5/WHITESparse_Series1_20_09_08_08_36_37.npy
1600,Deep_learning_in_food/Hyperspectral_Image_data/GrainClassData_Aug2020/Validation/Wheat_Halland/Dense_series1_20_08_18_14_01_14.cdf
1601,Deep_learning_in_food/Hyperspectral_Image_data/GrainClassData_Aug2020/Validation/Wheat_Halland/Dense_series1_20_08_18_14_01_14.jpg
1602,Deep_learning_in_food/Hyperspectral_Image_data/GrainClassData_Aug2020/Validation/Wheat_Halland/Dense_series1_20_08_18_14_02_22.cdf
1603,Deep_learning_in_food/Hyperspectral_Image_data/GrainClassData_Aug2020/Validation/Wheat_Halland/Dense_series1_20_08_18_14_02_22.jpg
1604,Deep_learning_in_food/Hyperspectral_Image_data/GrainClassData_Aug2020/Validation/Wheat_Halland/Dense_series1_20_08_18_14_04_42.cdf
1605,Deep_learning_in_food/Hyperspectral_Image_data/GrainClassData_Aug2020/Validation/Wheat_Halland/Dense_series1_20_08_18_14_04_42.jpg
1606,Deep_learning_in_food/Hyperspectral_Image_data/GrainClassData_Aug2020/Validation/Wheat_Halland/Dense_Series1_20_09_08_08_44_49.cdf
1607,Deep_learning_in_food/Hyperspectral_Image_data/GrainClassData_Aug2020/Validation/Wheat_Halland/Dense_Series1_20_09_08_08_44_49.jpg
1608,Deep_learning_in_food/Hyperspectral_Image_data/GrainClassData_Aug2020/Validation/Wheat_Halland/Dense_Series1_20_09_08_08_45_21.cdf
1609,Deep_learning_in_food/Hyperspectral_Image_data/GrainClassData_Aug2020/Validation/Wheat_Halland/Dense_Series1_20_09_08_08_45_21.jpg
1610,Deep_learning_in_food/Hyperspectral_Image_data/GrainClassData_Aug2020/Validation/Wheat_Halland/Dense_series2_20_08_18_14_06_26.cdf
1611,Deep_learning_in_food/Hyperspectral_Image_data/GrainClassData_Aug2020/Validation/Wheat_Halland/Dense_series2_20_08_18_14_06_26.jpg
1612,Deep_learning_in_food/Hyperspectral_Image_data/GrainClassData_Aug2020/Validation/Wheat_Halland/Dense_series2_20_08_18_14_07_14.cdf
1613,Deep_learning_in_food/Hyperspectral_Image_data/GrainClassData_Aug2020/Validation/Wheat_Halland/Dense_series2_20_08_18_14_07_14.jpg
1614,Deep_learning_in_food/Hyperspectral_Image_data/GrainClassData_Aug2020/Validation/Wheat_Halland/Dense_Series2_20_09_08_08_45_53.cdf
1615,Deep_learning_in_food/Hyperspectral_Image_data/GrainClassData_Aug2020/Validation/Wheat_Halland/Dense_Series2_20_09_08_08_45_53.jpg
1616,Deep_learning_in_food/Hyperspectral_Image_data/GrainClassData_Aug2020/Validation/Wheat_Halland/Dense_Series2_20_09_08_08_46_27.cdf
1617,Deep_learning_in_food/Hyperspectral_Image_data/GrainClassData_Aug2020/Validation/Wheat_Halland/Dense_Series2_20_09_08_08_46_27.jpg
1618,Deep_learning_in_food/Hyperspectral_Image_data/GrainClassData_Aug2020/Validation/Wheat_Halland/Dense_Series3_20_09_08_08_47_08.cdf
1619,Deep_learning_in_food/Hyperspectral_Image_data/GrainClassData_Aug2020/Validation/Wheat_Halland/Dense_Series3_20_09_08_08_47_08.jpg
1620,Deep_learning_in_food/Hyperspectral_Image_data/GrainClassData_Aug2020/Validation/Wheat_Halland/Sparse_series1_20_08_18_14_08_33.cdf
1621,Deep_learning_in_food/Hyperspectral_Image_data/GrainClassData_Aug2020/Validation/Wheat_Halland/Sparse_series1_20_08_18_14_08_33.jpg
1622,Deep_learning_in_food/Hyperspectral_Image_data/GrainClassData_Aug2020/Validation/Wheat_Halland/Sparse_series1_20_08_18_14_09_14.cdf
1623,Deep_learning_in_food/Hyperspectral_Image_data/GrainClassData_Aug2020/Validation/Wheat_Halland/Sparse_series1_20_08_18_14_09_14.jpg
1624,Deep_learning_in_food/Hyperspectral_Image_data/GrainClassData_Aug2020/Validation/Wheat_Halland/Sparse_series1_20_08_18_14_09_52.cdf
1625,Deep_learning_in_food/Hyperspectral_Image_data/GrainClassData_Aug2020/Validation/Wheat_Halland/Sparse_series1_20_08_18_14_09_52.jpg
1626,Deep_learning_in_food/Hyperspectral_Image_data/GrainClassData_Aug2020/Validation/Wheat_Halland/Sparse_Series1_20_09_08_08_47_52.cdf
1627,Deep_learning_in_food/Hyperspectral_Image_data/GrainClassData_Aug2020/Validation/Wheat_Halland/Sparse_Series1_20_09_08_08_47_52.jpg
1628,Deep_learning_in_food/Hyperspectral_Image_data/GrainClassData_Aug2020/Validation/Wheat_Halland/Sparse_Series1_20_09_08_08_48_26.cdf
1629,Deep_learning_in_food/Hyperspectral_Image_data/GrainClassData_Aug2020/Validation/Wheat_Halland/Sparse_Series1_20_09_08_08_48_26.jpg
1630,Deep_learning_in_food/Hyperspectral_Image_data/GrainClassData_Aug2020/Validation/Wheat_Halland/Sparse_Series1_20_09_08_08_49_03.cdf
1631,Deep_learning_in_food/Hyperspectral_Image_data/GrainClassData_Aug2020/Validation/Wheat_Halland/Sparse_Series1_20_09_08_08_49_03.jpg
1632,Deep_learning_in_food/Hyperspectral_Image_data/GrainClassData_Aug2020/Validation/Wheat_Halland/WHITEDense_series1_20_08_18_14_01_14.jpg
1633,Deep_learning_in_food/Hyperspectral_Image_data/GrainClassData_Aug2020/Validation/Wheat_Halland/WHITEDense_series1_20_08_18_14_01_14.npy
1634,Deep_learning_in_food/Hyperspectral_Image_data/GrainClassData_Aug2020/Validation/Wheat_Halland/WHITEDense_series1_20_08_18_14_02_22.jpg
1635,Deep_learning_in_food/Hyperspectral_Image_data/GrainClassData_Aug2020/Validation/Wheat_Halland/WHITEDense_series1_20_08_18_14_02_22.npy
1636,Deep_learning_in_food/Hyperspectral_Image_data/GrainClassData_Aug2020/Validation/Wheat_Halland/WHITEDense_series1_20_08_18_14_04_42.jpg
1637,Deep_learning_in_food/Hyperspectral_Image_data/GrainClassData_Aug2020/Validation/Wheat_Halland/WHITEDense_series1_20_08_18_14_04_42.npy
1638,Deep_learning_in_food/Hyperspectral_Image_data/GrainClassData_Aug2020/Validation/Wheat_Halland/WHITEDense_Series1_20_09_08_08_44_49.jpg
1639,Deep_learning_in_food/Hyperspectral_Image_data/GrainClassData_Aug2020/Validation/Wheat_Halland/WHITEDense_Series1_20_09_08_08_44_49.npy
1640,Deep_learning_in_food/Hyperspectral_Image_data/GrainClassData_Aug2020/Validation/Wheat_Halland/WHITEDense_Series1_20_09_08_08_45_21.jpg
1641,Deep_learning_in_food/Hyperspectral_Image_data/GrainClassData_Aug2020/Validation/Wheat_Halland/WHITEDense_Series1_20_09_08_08_45_21.npy
1642,Deep_learning_in_food/Hyperspectral_Image_data/GrainClassData_Aug2020/Validation/Wheat_Halland/WHITEDense_series2_20_08_18_14_06_26.jpg
1643,Deep_learning_in_food/Hyperspectral_Image_data/GrainClassData_Aug2020/Validation/Wheat_Halland/WHITEDense_series2_20_08_18_14_06_26.npy
1644,Deep_learning_in_food/Hyperspectral_Image_data/GrainClassData_Aug2020/Validation/Wheat_Halland/WHITEDense_series2_20_08_18_14_07_14.jpg
1645,Deep_learning_in_food/Hyperspectral_Image_data/GrainClassData_Aug2020/Validation/Wheat_Halland/WHITEDense_series2_20_08_18_14_07_14.npy
1646,Deep_learning_in_food/Hyperspectral_Image_data/GrainClassData_Aug2020/Validation/Wheat_Halland/WHITEDense_Series2_20_09_08_08_45_53.jpg
1647,Deep_learning_in_food/Hyperspectral_Image_data/GrainClassData_Aug2020/Validation/Wheat_Halland/WHITEDense_Series2_20_09_08_08_45_53.npy
1648,Deep_learning_in_food/Hyperspectral_Image_data/GrainClassData_Aug2020/Validation/Wheat_Halland/WHITEDense_Series2_20_09_08_08_46_27.jpg
1649,Deep_learning_in_food/Hyperspectral_Image_data/GrainClassData_Aug2020/Validation/Wheat_Halland/WHITEDense_Series2_20_09_08_08_46_27.npy
1650,Deep_learning_in_food/Hyperspectral_Image_data/GrainClassData_Aug2020/Validation/Wheat_Halland/WHITEDense_Series3_20_09_08_08_47_08.jpg
1651,Deep_learning_in_food/Hyperspectral_Image_data/GrainClassData_Aug2020/Validation/Wheat_Halland/WHITEDense_Series3_20_09_08_08_47_08.npy
1652,Deep_learning_in_food/Hyperspectral_Image_data/GrainClassData_Aug2020/Validation/Wheat_Halland/WHITESparse_series1_20_08_18_14_08_33.jpg
1653,Deep_learning_in_food/Hyperspectral_Image_data/GrainClassData_Aug2020/Validation/Wheat_Halland/WHITESparse_series1_20_08_18_14_08_33.npy
1654,Deep_learning_in_food/Hyperspectral_Image_data/GrainClassData_Aug2020/Validation/Wheat_Halland/WHITESparse_series1_20_08_18_14_09_14.jpg
1655,Deep_learning_in_food/Hyperspectral_Image_data/GrainClassData_Aug2020/Validation/Wheat_Halland/WHITESparse_series1_20_08_18_14_09_14.npy
1656,Deep_learning_in_food/Hyperspectral_Image_data/GrainClassData_Aug2020/Validation/Wheat_Halland/WHITESparse_series1_20_08_18_14_09_52.jpg
1657,Deep_learning_in_food/Hyperspectral_Image_data/GrainClassData_Aug2020/Validation/Wheat_Halland/WHITESparse_series1_20_08_18_14_09_52.npy
1658,Deep_learning_in_food/Hyperspectral_Image_data/GrainClassData_Aug2020/Validation/Wheat_Halland/WHITESparse_Series1_20_09_08_08_47_52.jpg
1659,Deep_learning_in_food/Hyperspectral_Image_data/GrainClassData_Aug2020/Validation/Wheat_Halland/WHITESparse_Series1_20_09_08_08_47_52.npy
1660,Deep_learning_in_food/Hyperspectral_Image_data/GrainClassData_Aug2020/Validation/Wheat_Halland/WHITESparse_Series1_20_09_08_08_48_26.jpg
1661,Deep_learning_in_food/Hyperspectral_Image_data/GrainClassData_Aug2020/Validation/Wheat_Halland/WHITESparse_Series1_20_09_08_08_48_26.npy
1662,Deep_learning_in_food/Hyperspectral_Image_data/GrainClassData_Aug2020/Validation/Wheat_Halland/WHITESparse_Series1_20_09_08_08_49_03.jpg
1663,Deep_learning_in_food/Hyperspectral_Image_data/GrainClassData_Aug2020/Validation/Wheat_Halland/WHITESparse_Series1_20_09_08_08_49_03.npy
1664,Deep_learning_in_food/Hyperspectral_Image_data/GrainClassData_Aug2020/Validation/Wheat_Oland/Dense_series1_20_08_18_14_13_05.cdf
1665,Deep_learning_in_food/Hyperspectral_Image_data/GrainClassData_Aug2020/Validation/Wheat_Oland/Dense_series1_20_08_18_14_13_05.jpg
1666,Deep_learning_in_food/Hyperspectral_Image_data/GrainClassData_Aug2020/Validation/Wheat_Oland/Dense_series1_20_08_18_14_14_21.cdf
1667,Deep_learning_in_food/Hyperspectral_Image_data/GrainClassData_Aug2020/Validation/Wheat_Oland/Dense_series1_20_08_18_14_14_21.jpg
1668,Deep_learning_in_food/Hyperspectral_Image_data/GrainClassData_Aug2020/Validation/Wheat_Oland/Dense_Series1_20_09_08_08_38_47.cdf
1669,Deep_learning_in_food/Hyperspectral_Image_data/GrainClassData_Aug2020/Validation/Wheat_Oland/Dense_Series1_20_09_08_08_38_47.jpg
1670,Deep_learning_in_food/Hyperspectral_Image_data/GrainClassData_Aug2020/Validation/Wheat_Oland/Dense_Series1_20_09_08_08_39_21.cdf
1671,Deep_learning_in_food/Hyperspectral_Image_data/GrainClassData_Aug2020/Validation/Wheat_Oland/Dense_Series1_20_09_08_08_39_21.jpg
1672,Deep_learning_in_food/Hyperspectral_Image_data/GrainClassData_Aug2020/Validation/Wheat_Oland/Dense_series2_20_08_18_14_15_16.cdf
1673,Deep_learning_in_food/Hyperspectral_Image_data/GrainClassData_Aug2020/Validation/Wheat_Oland/Dense_series2_20_08_18_14_15_16.jpg
1674,Deep_learning_in_food/Hyperspectral_Image_data/GrainClassData_Aug2020/Validation/Wheat_Oland/Dense_series2_20_08_18_14_16_33.cdf
1675,Deep_learning_in_food/Hyperspectral_Image_data/GrainClassData_Aug2020/Validation/Wheat_Oland/Dense_series2_20_08_18_14_16_33.jpg
1676,Deep_learning_in_food/Hyperspectral_Image_data/GrainClassData_Aug2020/Validation/Wheat_Oland/Dense_Series2_20_09_08_08_39_58.cdf
1677,Deep_learning_in_food/Hyperspectral_Image_data/GrainClassData_Aug2020/Validation/Wheat_Oland/Dense_Series2_20_09_08_08_39_58.jpg
1678,Deep_learning_in_food/Hyperspectral_Image_data/GrainClassData_Aug2020/Validation/Wheat_Oland/Dense_Series2_20_09_08_08_40_28.cdf
1679,Deep_learning_in_food/Hyperspectral_Image_data/GrainClassData_Aug2020/Validation/Wheat_Oland/Dense_Series2_20_09_08_08_40_28.jpg
1680,Deep_learning_in_food/Hyperspectral_Image_data/GrainClassData_Aug2020/Validation/Wheat_Oland/Dense_Series2_20_09_08_08_41_10.cdf
1681,Deep_learning_in_food/Hyperspectral_Image_data/GrainClassData_Aug2020/Validation/Wheat_Oland/Dense_Series2_20_09_08_08_41_10.jpg
1682,Deep_learning_in_food/Hyperspectral_Image_data/GrainClassData_Aug2020/Validation/Wheat_Oland/Sparse_series1_20_08_18_14_19_08.cdf
1683,Deep_learning_in_food/Hyperspectral_Image_data/GrainClassData_Aug2020/Validation/Wheat_Oland/Sparse_series1_20_08_18_14_19_08.jpg
1684,Deep_learning_in_food/Hyperspectral_Image_data/GrainClassData_Aug2020/Validation/Wheat_Oland/Sparse_series1_20_08_18_14_19_55.cdf
1685,Deep_learning_in_food/Hyperspectral_Image_data/GrainClassData_Aug2020/Validation/Wheat_Oland/Sparse_series1_20_08_18_14_19_55.jpg
1686,Deep_learning_in_food/Hyperspectral_Image_data/GrainClassData_Aug2020/Validation/Wheat_Oland/Sparse_series1_20_08_18_14_20_29.cdf
1687,Deep_learning_in_food/Hyperspectral_Image_data/GrainClassData_Aug2020/Validation/Wheat_Oland/Sparse_series1_20_08_18_14_20_29.jpg
1688,Deep_learning_in_food/Hyperspectral_Image_data/GrainClassData_Aug2020/Validation/Wheat_Oland/Sparse_Series1_20_09_08_08_41_53.cdf
1689,Deep_learning_in_food/Hyperspectral_Image_data/GrainClassData_Aug2020/Validation/Wheat_Oland/Sparse_Series1_20_09_08_08_41_53.jpg
1690,Deep_learning_in_food/Hyperspectral_Image_data/GrainClassData_Aug2020/Validation/Wheat_Oland/Sparse_Series1_20_09_08_08_42_23.cdf
1691,Deep_learning_in_food/Hyperspectral_Image_data/GrainClassData_Aug2020/Validation/Wheat_Oland/Sparse_Series1_20_09_08_08_42_23.jpg
1692,Deep_learning_in_food/Hyperspectral_Image_data/GrainClassData_Aug2020/Validation/Wheat_Oland/Sparse_Series1_20_09_08_08_42_53.cdf
1693,Deep_learning_in_food/Hyperspectral_Image_data/GrainClassData_Aug2020/Validation/Wheat_Oland/Sparse_Series1_20_09_08_08_42_53.jpg
1694,Deep_learning_in_food/Hyperspectral_Image_data/GrainClassData_Aug2020/Validation/Wheat_Oland/WHITEDense_series1_20_08_18_14_13_05.jpg
1695,Deep_learning_in_food/Hyperspectral_Image_data/GrainClassData_Aug2020/Validation/Wheat_Oland/WHITEDense_series1_20_08_18_14_13_05.npy
1696,Deep_learning_in_food/Hyperspectral_Image_data/GrainClassData_Aug2020/Validation/Wheat_Oland/WHITEDense_series1_20_08_18_14_14_21.jpg
1697,Deep_learning_in_food/Hyperspectral_Image_data/GrainClassData_Aug2020/Validation/Wheat_Oland/WHITEDense_series1_20_08_18_14_14_21.npy
1698,Deep_learning_in_food/Hyperspectral_Image_data/GrainClassData_Aug2020/Validation/Wheat_Oland/WHITEDense_Series1_20_09_08_08_38_47.jpg
1699,Deep_learning_in_food/Hyperspectral_Image_data/GrainClassData_Aug2020/Validation/Wheat_Oland/WHITEDense_Series1_20_09_08_08_38_47.npy
1700,Deep_learning_in_food/Hyperspectral_Image_data/GrainClassData_Aug2020/Validation/Wheat_Oland/WHITEDense_Series1_20_09_08_08_39_21.jpg
1701,Deep_learning_in_food/Hyperspectral_Image_data/GrainClassData_Aug2020/Validation/Wheat_Oland/WHITEDense_Series1_20_09_08_08_39_21.npy
1702,Deep_learning_in_food/Hyperspectral_Image_data/GrainClassData_Aug2020/Validation/Wheat_Oland/WHITEDense_series2_20_08_18_14_15_16.jpg
1703,Deep_learning_in_food/Hyperspectral_Image_data/GrainClassData_Aug2020/Validation/Wheat_Oland/WHITEDense_series2_20_08_18_14_15_16.npy
1704,Deep_learning_in_food/Hyperspectral_Image_data/GrainClassData_Aug2020/Validation/Wheat_Oland/WHITEDense_series2_20_08_18_14_16_33.jpg
1705,Deep_learning_in_food/Hyperspectral_Image_data/GrainClassData_Aug2020/Validation/Wheat_Oland/WHITEDense_series2_20_08_18_14_16_33.npy
1706,Deep_learning_in_food/Hyperspectral_Image_data/GrainClassData_Aug2020/Validation/Wheat_Oland/WHITEDense_Series2_20_09_08_08_39_58.jpg
1707,Deep_learning_in_food/Hyperspectral_Image_data/GrainClassData_Aug2020/Validation/Wheat_Oland/WHITEDense_Series2_20_09_08_08_39_58.npy
1708,Deep_learning_in_food/Hyperspectral_Image_data/GrainClassData_Aug2020/Validation/Wheat_Oland/WHITEDense_Series2_20_09_08_08_40_28.jpg
1709,Deep_learning_in_food/Hyperspectral_Image_data/GrainClassData_Aug2020/Validation/Wheat_Oland/WHITEDense_Series2_20_09_08_08_40_28.npy
1710,Deep_learning_in_food/Hyperspectral_Image_data/GrainClassData_Aug2020/Validation/Wheat_Oland/WHITEDense_Series2_20_09_08_08_41_10.jpg
1711,Deep_learning_in_food/Hyperspectral_Image_data/GrainClassData_Aug2020/Validation/Wheat_Oland/WHITEDense_Series2_20_09_08_08_41_10.npy
1712,Deep_learning_in_food/Hyperspectral_Image_data/GrainClassData_Aug2020/Validation/Wheat_Oland/WHITEDense_series3_20_08_18_14_17_42.jpg
1713,Deep_learning_in_food/Hyperspectral_Image_data/GrainClassData_Aug2020/Validation/Wheat_Oland/WHITEDense_series3_20_08_18_14_17_42.npy
1714,Deep_learning_in_food/Hyperspectral_Image_data/GrainClassData_Aug2020/Validation/Wheat_Oland/WHITESparse_series1_20_08_18_14_19_08.jpg
1715,Deep_learning_in_food/Hyperspectral_Image_data/GrainClassData_Aug2020/Validation/Wheat_Oland/WHITESparse_series1_20_08_18_14_19_08.npy
1716,Deep_learning_in_food/Hyperspectral_Image_data/GrainClassData_Aug2020/Validation/Wheat_Oland/WHITESparse_series1_20_08_18_14_19_55.jpg
1717,Deep_learning_in_food/Hyperspectral_Image_data/GrainClassData_Aug2020/Validation/Wheat_Oland/WHITESparse_series1_20_08_18_14_19_55.npy
1718,Deep_learning_in_food/Hyperspectral_Image_data/GrainClassData_Aug2020/Validation/Wheat_Oland/WHITESparse_Series1_20_09_08_08_41_53.jpg
1719,Deep_learning_in_food/Hyperspectral_Image_data/GrainClassData_Aug2020/Validation/Wheat_Oland/WHITESparse_Series1_20_09_08_08_41_53.npy
1720,Deep_learning_in_food/Hyperspectral_Image_data/GrainClassData_Aug2020/Validation/Wheat_Oland/WHITESparse_Series1_20_09_08_08_42_23.jpg
1721,Deep_learning_in_food/Hyperspectral_Image_data/GrainClassData_Aug2020/Validation/Wheat_Oland/WHITESparse_Series1_20_09_08_08_42_23.npy
1722,Deep_learning_in_food/Hyperspectral_Image_data/GrainClassData_Aug2020/Validation/Wheat_Oland/WHITESparse_Series1_20_09_08_08_42_53.jpg
1723,Deep_learning_in_food/Hyperspectral_Image_data/GrainClassData_Aug2020/Validation/Wheat_Oland/WHITESparse_Series1_20_09_08_08_42_53.npy
1724,Deep_learning_in_food/Hyperspectral_Image_data/GrainClassData_Aug2020/Validation/Wheat_Spelt/Dense_series1_20_08_18_14_26_59.cdf
1725,Deep_learning_in_food/Hyperspectral_Image_data/GrainClassData_Aug2020/Validation/Wheat_Spelt/Dense_series1_20_08_18_14_26_59.jpg
1726,Deep_learning_in_food/Hyperspectral_Image_data/GrainClassData_Aug2020/Validation/Wheat_Spelt/Dense_series1_20_08_18_14_27_32.cdf
1727,Deep_learning_in_food/Hyperspectral_Image_data/GrainClassData_Aug2020/Validation/Wheat_Spelt/Dense_series1_20_08_18_14_27_32.jpg
1728,Deep_learning_in_food/Hyperspectral_Image_data/GrainClassData_Aug2020/Validation/Wheat_Spelt/Dense_Series1_20_09_08_08_25_10.cdf
1729,Deep_learning_in_food/Hyperspectral_Image_data/GrainClassData_Aug2020/Validation/Wheat_Spelt/Dense_Series1_20_09_08_08_25_10.jpg
1730,Deep_learning_in_food/Hyperspectral_Image_data/GrainClassData_Aug2020/Validation/Wheat_Spelt/Dense_Series1_20_09_08_08_26_06.cdf
1731,Deep_learning_in_food/Hyperspectral_Image_data/GrainClassData_Aug2020/Validation/Wheat_Spelt/Dense_Series1_20_09_08_08_26_06.jpg
1732,Deep_learning_in_food/Hyperspectral_Image_data/GrainClassData_Aug2020/Validation/Wheat_Spelt/Dense_series2_20_08_18_14_24_24.cdf
1733,Deep_learning_in_food/Hyperspectral_Image_data/GrainClassData_Aug2020/Validation/Wheat_Spelt/Dense_series2_20_08_18_14_24_24.jpg
1734,Deep_learning_in_food/Hyperspectral_Image_data/GrainClassData_Aug2020/Validation/Wheat_Spelt/Dense_series2_20_08_18_14_25_39.cdf
1735,Deep_learning_in_food/Hyperspectral_Image_data/GrainClassData_Aug2020/Validation/Wheat_Spelt/Dense_series2_20_08_18_14_25_39.jpg
1736,Deep_learning_in_food/Hyperspectral_Image_data/GrainClassData_Aug2020/Validation/Wheat_Spelt/Dense_Series2_20_09_08_08_27_04.cdf
1737,Deep_learning_in_food/Hyperspectral_Image_data/GrainClassData_Aug2020/Validation/Wheat_Spelt/Dense_Series2_20_09_08_08_27_04.jpg
1738,Deep_learning_in_food/Hyperspectral_Image_data/GrainClassData_Aug2020/Validation/Wheat_Spelt/Dense_Series2_20_09_08_08_27_36.cdf
1739,Deep_learning_in_food/Hyperspectral_Image_data/GrainClassData_Aug2020/Validation/Wheat_Spelt/Dense_Series2_20_09_08_08_27_36.jpg
1740,Deep_learning_in_food/Hyperspectral_Image_data/GrainClassData_Aug2020/Validation/Wheat_Spelt/Dense_Series3_20_09_08_08_28_17.cdf
1741,Deep_learning_in_food/Hyperspectral_Image_data/GrainClassData_Aug2020/Validation/Wheat_Spelt/Dense_Series3_20_09_08_08_28_17.jpg
1742,Deep_learning_in_food/Hyperspectral_Image_data/GrainClassData_Aug2020/Validation/Wheat_Spelt/Sparse_series1_20_08_18_14_29_00.cdf
1743,Deep_learning_in_food/Hyperspectral_Image_data/GrainClassData_Aug2020/Validation/Wheat_Spelt/Sparse_series1_20_08_18_14_29_00.jpg
1744,Deep_learning_in_food/Hyperspectral_Image_data/GrainClassData_Aug2020/Validation/Wheat_Spelt/Sparse_series1_20_08_18_14_29_29.cdf
1745,Deep_learning_in_food/Hyperspectral_Image_data/GrainClassData_Aug2020/Validation/Wheat_Spelt/Sparse_series1_20_08_18_14_29_29.jpg
1746,Deep_learning_in_food/Hyperspectral_Image_data/GrainClassData_Aug2020/Validation/Wheat_Spelt/Sparse_series1_20_08_18_14_30_04.cdf
1747,Deep_learning_in_food/Hyperspectral_Image_data/GrainClassData_Aug2020/Validation/Wheat_Spelt/Sparse_series1_20_08_18_14_30_04.jpg
1748,Deep_learning_in_food/Hyperspectral_Image_data/GrainClassData_Aug2020/Validation/Wheat_Spelt/Sparse_Series1_20_09_08_08_29_07.cdf
1749,Deep_learning_in_food/Hyperspectral_Image_data/GrainClassData_Aug2020/Validation/Wheat_Spelt/Sparse_Series1_20_09_08_08_29_07.jpg
1750,Deep_learning_in_food/Hyperspectral_Image_data/GrainClassData_Aug2020/Validation/Wheat_Spelt/Sparse_Series1_20_09_08_08_29_38.cdf
1751,Deep_learning_in_food/Hyperspectral_Image_data/GrainClassData_Aug2020/Validation/Wheat_Spelt/Sparse_Series1_20_09_08_08_29_38.jpg
1752,Deep_learning_in_food/Hyperspectral_Image_data/GrainClassData_Aug2020/Validation/Wheat_Spelt/Sparse_Series1_20_09_08_08_30_09.cdf
1753,Deep_learning_in_food/Hyperspectral_Image_data/GrainClassData_Aug2020/Validation/Wheat_Spelt/Sparse_Series1_20_09_08_08_30_09.jpg
1754,Deep_learning_in_food/Hyperspectral_Image_data/GrainClassData_Aug2020/Validation/Wheat_Spelt/WHITEDense_series1_20_08_18_14_26_59.jpg
1755,Deep_learning_in_food/Hyperspectral_Image_data/GrainClassData_Aug2020/Validation/Wheat_Spelt/WHITEDense_series1_20_08_18_14_26_59.npy
1756,Deep_learning_in_food/Hyperspectral_Image_data/GrainClassData_Aug2020/Validation/Wheat_Spelt/WHITEDense_series1_20_08_18_14_27_32.jpg
1757,Deep_learning_in_food/Hyperspectral_Image_data/GrainClassData_Aug2020/Validation/Wheat_Spelt/WHITEDense_series1_20_08_18_14_27_32.npy
1758,Deep_learning_in_food/Hyperspectral_Image_data/GrainClassData_Aug2020/Validation/Wheat_Spelt/WHITEDense_Series1_20_09_08_08_25_10.jpg
1759,Deep_learning_in_food/Hyperspectral_Image_data/GrainClassData_Aug2020/Validation/Wheat_Spelt/WHITEDense_Series1_20_09_08_08_25_10.npy
1760,Deep_learning_in_food/Hyperspectral_Image_data/GrainClassData_Aug2020/Validation/Wheat_Spelt/WHITEDense_Series1_20_09_08_08_26_06.jpg
1761,Deep_learning_in_food/Hyperspectral_Image_data/GrainClassData_Aug2020/Validation/Wheat_Spelt/WHITEDense_Series1_20_09_08_08_26_06.npy
1762,Deep_learning_in_food/Hyperspectral_Image_data/GrainClassData_Aug2020/Validation/Wheat_Spelt/WHITEDense_series2_20_08_18_14_24_24.jpg
1763,Deep_learning_in_food/Hyperspectral_Image_data/GrainClassData_Aug2020/Validation/Wheat_Spelt/WHITEDense_series2_20_08_18_14_24_24.npy
1764,Deep_learning_in_food/Hyperspectral_Image_data/GrainClassData_Aug2020/Validation/Wheat_Spelt/WHITEDense_series2_20_08_18_14_25_39.jpg
1765,Deep_learning_in_food/Hyperspectral_Image_data/GrainClassData_Aug2020/Validation/Wheat_Spelt/WHITEDense_series2_20_08_18_14_25_39.npy
1766,Deep_learning_in_food/Hyperspectral_Image_data/GrainClassData_Aug2020/Validation/Wheat_Spelt/WHITEDense_Series2_20_09_08_08_27_04.jpg
1767,Deep_learning_in_food/Hyperspectral_Image_data/GrainClassData_Aug2020/Validation/Wheat_Spelt/WHITEDense_Series2_20_09_08_08_27_04.npy
1768,Deep_learning_in_food/Hyperspectral_Image_data/GrainClassData_Aug2020/Validation/Wheat_Spelt/WHITEDense_Series2_20_09_08_08_27_36.jpg
1769,Deep_learning_in_food/Hyperspectral_Image_data/GrainClassData_Aug2020/Validation/Wheat_Spelt/WHITEDense_Series2_20_09_08_08_27_36.npy
1770,Deep_learning_in_food/Hyperspectral_Image_data/GrainClassData_Aug2020/Validation/Wheat_Spelt/WHITEDense_Series3_20_09_08_08_28_17.jpg
1771,Deep_learning_in_food/Hyperspectral_Image_data/GrainClassData_Aug2020/Validation/Wheat_Spelt/WHITEDense_Series3_20_09_08_08_28_17.npy
1772,Deep_learning_in_food/Hyperspectral_Image_data/GrainClassData_Aug2020/Validation/Wheat_Spelt/WHITESparse_series1_20_08_18_14_29_00.jpg
1773,Deep_learning_in_food/Hyperspectral_Image_data/GrainClassData_Aug2020/Validation/Wheat_Spelt/WHITESparse_series1_20_08_18_14_29_00.npy
1774,Deep_learning_in_food/Hyperspectral_Image_data/GrainClassData_Aug2020/Validation/Wheat_Spelt/WHITESparse_series1_20_08_18_14_29_29.jpg
1775,Deep_learning_in_food/Hyperspectral_Image_data/GrainClassData_Aug2020/Validation/Wheat_Spelt/WHITESparse_series1_20_08_18_14_29_29.npy
1776,Deep_learning_in_food/Hyperspectral_Image_data/GrainClassData_Aug2020/Validation/Wheat_Spelt/WHITESparse_series1_20_08_18_14_30_04.jpg
1777,Deep_learning_in_food/Hyperspectral_Image_data/GrainClassData_Aug2020/Validation/Wheat_Spelt/WHITESparse_series1_20_08_18_14_30_04.npy
1778,Deep_learning_in_food/Hyperspectral_Image_data/GrainClassData_Aug2020/Validation/Wheat_Spelt/WHITESparse_Series1_20_09_08_08_29_07.jpg
1779,Deep_learning_in_food/Hyperspectral_Image_data/GrainClassData_Aug2020/Validation/Wheat_Spelt/WHITESparse_Series1_20_09_08_08_29_07.npy
1780,Deep_learning_in_food/Hyperspectral_Image_data/GrainClassData_Aug2020/Validation/Wheat_Spelt/WHITESparse_Series1_20_09_08_08_29_38.jpg
1781,Deep_learning_in_food/Hyperspectral_Image_data/GrainClassData_Aug2020/Validation/Wheat_Spelt/WHITESparse_Series1_20_09_08_08_29_38.npy
1782,Deep_learning_in_food/Hyperspectral_Image_data/GrainClassData_Aug2020/Validation/Wheat_Spelt/WHITESparse_Series1_20_09_08_08_30_09.jpg
1783,Deep_learning_in_food/Hyperspectral_Image_data/GrainClassData_Aug2020/Validation/Wheat_Spelt/WHITESparse_Series1_20_09_08_08_30_09.npy
1784,LOADDATA.py
